310,NASDAQ,IRBT
448,NYSE,BXMT
433,NYSE,AGO
836,NYSE,CTS
133,AMEX,TGB
448,NYSE,HF
622,NYSE,JBT
622,NASDAQ,MIDD
133,NASDAQ,GSM
415,NASDAQ,HTLF
833,NYSE,TSM
321,NASDAQ,TBAC
624,NYSE,MRC
723,NASDAQ,LVNTA
425,NYSE,GFY
113,NASDAQ,IKNX
342,NYSE,BGS
515,NASDAQ,CGEN
821,NASDAQ,FFIV
628,NASDAQ,TILE
432,NYSE,WTM
774,NYSE,SWFT
732,NASDAQ,DLTR
776,NYSE,NSC
424,NASDAQ,WRLD
425,NYSE,MQT
626,AMEX,GHM
913,NYSE,JE
611,NYSE,HEI
515,NASDAQ,GILD
422,NASDAQ,ICGE
418,NYSE,CIB
424,NASDAQ,LOAN
113,NYSE,WLK
841,NASDAQ,HLIT
130,NASDAQ,SYNL
121,NYSE,QRE
763,NASDAQ,INTX
834,NASDAQ,CSCD
821,NYSE,NQ
852,NASDAQ,JCOM
430,NYSE,TMK
419,NASDAQ,HCBK
745,NASDAQ,HSNI
760,NASDAQ,RPXC
737,NASDAQ,BBBY
125,NYSE,NRGM
634,NYSE,HW
712,NYSE,DIN
411,NYSE,VLY
416,NASDAQ,CUNB
425,NYSE,PIM
441,AMEX,ORM
765,NASDAQ,LOJN
134,AMEX,GTU
826,NASDAQ,ADP
837,NASDAQ,GIGA
449,NASDAQ,CHLN
836,NYSE,STP
432,NYSE,HCI
753,NYSE,AVT
410,NYSE,TD
425,NYSE,NCP
422,NASDAQ,ACAS
627,NASDAQ,ARTX
416,NASDAQ,WABC
410,NYSE,WFC
515,NASDAQ,AGEN
415,NASDAQ,TCBI
125,NYSE,QEP
432,AMEX,UVE
725,NYSE,CVC
821,NASDAQ,EGOV
125,NYSE,ENB
820,NASDAQ,EA
813,NASDAQ,WDC
121,AMEX,GST
766,NYSE,EDU
515,NASDAQ,CLVS
120,NYSE,XOM
112,NYSE,AVD
422,NASDAQ,SEIC
627,NASDAQ,AIMC
826,AMEX,GVP
425,NYSE,BLH
776,NASDAQ,ARII
426,NYSE,GDV
411,NASDAQ,SBNY
822,NASDAQ,NATI
121,NYSE,PXD
123,NASDAQ,HERO
834,NASDAQ,BRKS
411,AMEX,BHB
136,NYSE,SXCP
912,NYSE,PNG
611,NYSE,RGR
841,NASDAQ,SONS
440,NYSE,RWT
121,NYSE,UPL
344,NASDAQ,LWAY
311,NYSE,NTZ
433,NYSE,OB
324,AMEX,ONP
821,NASDAQ,PLUS
312,NASDAQ,LCUT
122,NYSE,ALJ
422,NYSE,BX
123,AMEX,VTG
760,NYSE,TISI
113,NASDAQ,GURE
712,NASDAQ,BOBE
820,NASDAQ,ROVI
913,NYSE,AEE
712,NYSE,EAT
515,NASDAQ,THRX
322,NYSE,TWI
522,NYSE,UNH
425,NYSE,MFM
815,NASDAQ,IMMR
836,NASDAQ,ORBT
445,NYSE,ELS
521,NYSE,OPK
821,NASDAQ,UPIP
626,NYSE,CAS
764,NASDAQ,HSON
812,NASDAQ,OMCL
414,NASDAQ,FBIZ
511,NASDAQ,ENDP
821,NASDAQ,JIVE
419,NASDAQ,ASBI
771,NASDAQ,ALGT
410,NYSE,C
727,NYSE,LEE
524,NYSE,HCA
110,NASDAQ,GEVO
419,NASDAQ,OFED
121,AMEX,TGC
732,NASDAQ,TUES
725,NYSE,TWC
445,NASDAQ,AGNC
851,NASDAQ,BCOR
442,NYSE,HR
723,NYSE,GTN
851,NASDAQ,OPEN
760,NYSE,WNS
850,NASDAQ,IIJI
815,NYSE,IN
323,NASDAQ,FHCO
323,NASDAQ,DSKX
821,NYSE,FLTX
412,NASDAQ,EGBN
414,NASDAQ,MBWM
730,NYSE,GES
325,NASDAQ,EVRY
636,NYSE,PWR
125,NYSE,USAC
419,NYSE,PFS
637,NYSE,SMS
836,NYSE,KYO
416,NASDAQ,CFNB
745,NASDAQ,WMAR
510,AMEX,TXMD
446,NYSE,FRT
820,NASDAQ,GAME
422,NASDAQ,VRTS
125,NYSE,WMB
840,NASDAQ,UBNT
125,NYSE,HEP
515,NASDAQ,NLNK
775,NASDAQ,PRGN
634,NASDAQ,CCCL
622,NYSE,LII
723,NYSE,LIN
769,NYSE,TW
821,NASDAQ,ADVS
315,NASDAQ,GPIC
834,NASDAQ,SNPS
526,NASDAQ,GTIV
525,NASDAQ,BGMD
834,NASDAQ,KLAC
113,NYSE,TAM
320,AMEX,DLA
331,AMEX,STS
760,NASDAQ,CASS
511,NASDAQ,CBST
755,NASDAQ,NAVR
637,NASDAQ,MNGA
633,NYSE,TXI
113,NASDAQ,PEIX
774,NASDAQ,UACL
761,NYSE,TGH
316,NASDAQ,POOL
758,NYSE,GLP
440,NYSE,ZFC
630,NYSE,TMHC
445,NYSE,PCL
630,NYSE,TOL
627,NYSE,RBC
310,NYSE,NPK
521,NYSE,SYK
419,NASDAQ,DCOM
133,NASDAQ,JRCC
514,NASDAQ,NATR
342,NYSE,FLO
413,NASDAQ,CFNL
432,NYSE,PTP
623,NYSE,TNC
511,NASDAQ,GENT
834,NYSE,PKE
317,NASDAQ,EGT
446,NYSE,ALX
622,NYSE,PPO
846,NASDAQ,NVTL
411,NASDAQ,BDGE
720,NYSE,OMC
413,NASDAQ,CSFL
441,AMEX,FSP
622,NASDAQ,MNTX
914,NASDAQ,PCYO
422,NYSE,WDR
844,NYSE,T
834,NYSE,ATE
846,NASDAQ,CBEY
123,NYSE,VET
773,NYSE,XPO
528,NYSE,HGR
121,NYSE,CLR
134,NYSE,GFI
714,NASDAQ,PTEK
124,NYSE,RES
851,NASDAQ,BIDU
415,NASDAQ,CBSH
313,NYSE,PBI
621,NYSE,PH
832,NASDAQ,VIMC
511,NASDAQ,PTX
134,NYSE,IAG
852,NASDAQ,SLTC
768,NYSE,MHFI
514,NYSE,PRGO
515,NASDAQ,ARIA
821,NASDAQ,SQI
716,NYSE,OWW
419,NASDAQ,UBNK
133,NYSE,WLT
911,NYSE,POR
774,NASDAQ,HTLD
132,NYSE,ACH
422,NYSE,FII
725,NYSE,SJR
766,NASDAQ,CPLA
120,NYSE,ECA
635,NASDAQ,LAYN
121,NYSE,PQ
775,NASDAQ,DCIX
739,NASDAQ,VITC
753,NASDAQ,VOXX
324,NYSE,NP
348,NYSE,KOF
630,NYSE,DHI
911,NYSE,AT
836,NYSE,NTE
515,NASDAQ,CYTR
122,NYSE,WNR
833,NASDAQ,PMCS
836,NASDAQ,LRAD
348,NASDAQ,PRMW
756,NYSE,ABC
333,NASDAQ,FDML
323,NYSE,PG
113,NYSE,CBT
769,NASDAQ,EXPO
521,NYSE,SNN
912,NYSE,STR
721,NASDAQ,SALE
411,NYSE,HVB
515,NASDAQ,CRIS
732,NASDAQ,FRED
742,NYSE,ZLC
760,NASDAQ,PRGX
515,NASDAQ,NSTG
122,NYSE,NTI
440,NYSE,OLP
525,NASDAQ,LIFE
124,NYSE,NR
442,NYSE,DOC
814,NASDAQ,SMCI
623,NASDAQ,CDTI
760,NASDAQ,IILG
712,NASDAQ,SONC
521,AMEX,APT
764,NASDAQ,BBSI
620,NASDAQ,ARTW
446,NYSE,TCO
833,NASDAQ,TSEM
342,NYSE,HSH
427,NYSE,BOE
752,NYSE,SUSP
121,NYSE,RRC
745,NASDAQ,HOLL
821,NASDAQ,PRGS
760,NYSE,ENV
744,NYSE,KMX
726,NASDAQ,CKEC
515,NASDAQ,OVAS
627,NASDAQ,CBAK
415,NASDAQ,BOKF
515,NASDAQ,PDLI
721,NASDAQ,NCMI
134,AMEX,NGD
836,NYSE,GLW
841,NASDAQ,CLFD
513,NASDAQ,PETS
622,NYSE,IR
611,NYSE,ATK
821,NASDAQ,PFPT
840,NYSE,TMUS
726,NASDAQ,RENT
430,NYSE,SYA
321,NYSE,COH
756,NYSE,OCR
449,NASDAQ,ZIPR
320,NASDAQ,LULU
821,NYSE,DBD
440,NYSE,RAS
727,NYSE,GCI
124,NASDAQ,EXXI
510,NASDAQ,ECTE
113,NASDAQ,SNMX
622,NASDAQ,NDSN
528,NYSE,FMS
764,NYSE,ASGN
322,NYSE,BERY
432,NYSE,CNA
772,NYSE,ASR
441,NYSE,ARE
764,NASDAQ,RCMT
343,NYSE,IBA
840,NASDAQ,IQNT
775,NYSE,TK
416,NASDAQ,PMBC
422,NYSE,STT
520,NASDAQ,VASC
728,NASDAQ,VALU
133,NASDAQ,PGRX
510,NASDAQ,VTUS
821,NASDAQ,TISA
637,NASDAQ,GPRC
515,NASDAQ,OPXA
515,NASDAQ,IDRA
130,NASDAQ,CPSL
411,NASDAQ,UNTY
731,NYSE,M
520,NASDAQ,STAA
425,NYSE,MHD
826,NASDAQ,ININ
821,NASDAQ,QLYS
832,NASDAQ,ASTI
776,NYSE,GBX
510,AMEX,CPHI
821,NASDAQ,SAAS
125,NYSE,TLP
840,NYSE,SKM
419,NASDAQ,PBCT
833,NASDAQ,RFMD
448,NYSE,KW
622,NYSE,SPW
113,NASDAQ,PENX
431,NYSE,UNM
122,NYSE,TSO
528,NASDAQ,PRSC
732,NYSE,BIG
912,NYSE,TRP
826,NASDAQ,MAMS
841,NASDAQ,QCOM
841,AMEX,ITI
635,AMEX,IGC
123,NYSE,NE
425,NYSE,TAI
412,NASDAQ,FBNC
445,NYSE,PMT
120,NYSE,SNP
821,NASDAQ,ZIXI
812,NYSE,LXK
842,NASDAQ,PLCM
424,NYSE,PHH
414,NASDAQ,MFSF
637,AMEX,AWX
440,NYSE,BDN
333,NASDAQ,GNTX
415,NASDAQ,IBOC
730,NASDAQ,CHKE
515,NASDAQ,CERS
515,NASDAQ,IMMU
754,NYSE,OMI
760,NASDAQ,SGRP
711,NASDAQ,CNTY
851,NASDAQ,TTGT
110,NASDAQ,BCPC
842,NYSE,SGK
821,NYSE,TXTR
412,NASDAQ,CCBG
840,NASDAQ,PCTI
836,NASDAQ,ORBK
635,NASDAQ,GLDD
515,NASDAQ,OMER
123,NASDAQ,ZAZA
425,NYSE,NXC
424,NYSE,CSH
821,NASDAQ,CTRX
434,NYSE,MMC
826,NASDAQ,OPAY
626,NASDAQ,ZEUS
836,NASDAQ,NEON
420,NYSE,SCHW
834,NASDAQ,ATMI
740,NASDAQ,HIBB
425,NYSE,PAI
332,NYSE,THO
515,AMEX,IG
775,NASDAQ,DRYS
422,AMEX,MZA
425,NYSE,BFK
833,NYSE,IRF
814,NYSE,GIMO
318,AMEX,BTN
123,AMEX,NOG
411,NASDAQ,CBNJ
314,NYSE,HAR
424,NASDAQ,CPSS
121,NASDAQ,ROSE
133,NYSE,HCLP
911,NYSE,NYLD
430,NYSE,IHC
416,NASDAQ,EBMT
516,NASDAQ,VIVO
760,NASDAQ,CARB
324,NYSE,FBR
526,NASDAQ,AFAM
333,NYSE,MOD
419,NASDAQ,CARV
432,NASDAQ,AGII
121,NASDAQ,PNRG
728,NYSE,RUK
745,NYSE,OMX
312,AMEX,ACU
511,NASDAQ,OREX
914,NASDAQ,CWCO
841,NASDAQ,TCCO
774,NASDAQ,ECHO
837,NASDAQ,CLIR
448,AMEX,CKX
510,NYSE,GSK
822,NASDAQ,ADSK
512,NASDAQ,SLXP
715,NYSE,TRK
415,NASDAQ,MOFG
520,NYSE,HAE
761,NYSE,AYR
521,NASDAQ,KOOL
622,NASDAQ,ACPW
121,AMEX,SARA
416,NASDAQ,FIBK
422,NASDAQ,TROW
113,NYSE,FUL
344,NASDAQ,SYUT
314,NASDAQ,KOSS
431,NYSE,AFL
412,NASDAQ,PEBK
826,NASDAQ,INFA
410,NASDAQ,SIBC
424,NASDAQ,FCFS
776,NYSE,UNP
622,NYSE,BGG
416,NASDAQ,PACW
766,NYSE,XUE
430,NYSE,RGA
760,NYSE,NSP
835,AMEX,IEC
744,NASDAQ,CALI
121,NYSE,SFY
836,NASDAQ,OIIM
323,AMEX,CAW
412,NASDAQ,GLBZ
765,NYSE,ADT
123,NYSE,NBR
723,NYSE,EVC
515,NASDAQ,HTBX
313,NYSE,AVY
752,NYSE,RTI
843,AMEX,ETAK
513,NASDAQ,CBRX
520,NASDAQ,ROCM
520,NYSE,BDX
440,NYSE,CLNY
745,NYSE,HZO
836,NYSE,SPA
410,NYSE,BAC
415,NASDAQ,FCCO
911,AMEX,ELLO
133,NASDAQ,ARLP
422,NYSE,NMFC
525,NASDAQ,GHDX
426,NYSE,PEO
520,NYSE,TFX
130,NYSE,X
840,NASDAQ,ARCW
913,NYSE,EXC
423,NASDAQ,MARPS
419,NASDAQ,FSBK
840,NYSE,AMX
442,NYSE,HCN
833,NASDAQ,MRVL
814,NASDAQ,CRDS
134,AMEX,NSU
623,NASDAQ,ERII
419,NASDAQ,BOFI
134,AMEX,AKG
417,NYSE,UBS
422,AMEX,BHV
346,NYSE,TAP
837,NYSE,ST
447,NYSE,EFC
123,NYSE,BBG
821,NASDAQ,LIQD
524,NYSE,HMA
521,NASDAQ,IRIX
821,NYSE,RALY
824,NASDAQ,DMRC
444,NASDAQ,PCH
837,NASDAQ,TRNS
766,NASDAQ,LTRE
412,NASDAQ,PWOD
729,NYSE,NED
324,NASDAQ,TFCO
125,NYSE,DPM
515,NASDAQ,TSRO
836,NYSE,AME
523,NYSE,EVHC
752,NASDAQ,LAWS
521,NYSE,STE
512,NASDAQ,SUPN
121,NASDAQ,CWEI
446,NYSE,WRE
832,NYSE,YGE
425,NYSE,PFO
133,NYSE,OXF
720,NYSE,MWW
424,NYSE,COF
323,NYSE,KMB
412,NASDAQ,OBAF
416,NASDAQ,NRIM
736,NYSE,HD
413,NASDAQ,FFKY
710,NYSE,MAR
841,NASDAQ,CAMP
121,NYSE,EPL
520,NASDAQ,PDEX
410,NYSE,CM
445,NYSE,UDR
821,NYSE,ECOM
411,NASDAQ,INDB
716,NYSE,CUK
415,NASDAQ,LARK
419,NASDAQ,NHTB
321,NASDAQ,CROX
821,NASDAQ,BCOV
757,NYSE,SYY
110,NYSE,LXU
841,NASDAQ,JDSU
611,NYSE,CAE
419,NASDAQ,NWBI
745,NASDAQ,PCMI
840,NASDAQ,MERU
325,NASDAQ,UFPT
821,NASDAQ,CPWR
432,NYSE,HIG
628,NYSE,CFI
523,AMEX,ADK
410,NASDAQ,HBK
415,NASDAQ,OABC
120,NYSE,RRMS
611,NYSE,DCO
834,NASDAQ,TSRA
622,NASDAQ,THTI
415,NASDAQ,IMCB
410,NASDAQ,TSC
515,NASDAQ,AEGR
446,NYSE,PEI
826,NASDAQ,TNGO
776,NYSE,CSX
135,AMEX,MGN
412,NASDAQ,UBSI
444,NYSE,FR
411,NASDAQ,ATLO
515,NYSE,PBYI
745,NASDAQ,FLWS
911,NYSE,PPL
622,NASDAQ,XONE
821,NYSE,LOCK
423,AMEX,ICH
511,NASDAQ,TELK
333,NYSE,TEN
430,NYSE,LFC
760,NYSE,HPY
412,NASDAQ,VCBI
760,NASDAQ,ONVI
826,NASDAQ,DWCH
515,NASDAQ,ACST
417,NYSE,BLX
420,NASDAQ,ETFC
712,NASDAQ,DNKN
712,NYSE,LUB
111,NYSE,TROX
714,NASDAQ,SGMS
414,NASDAQ,OSBC
432,NYSE,HTH
830,NASDAQ,NXPI
834,NASDAQ,ACLS
445,NYSE,EDR
424,NYSE,CSFS
440,NYSE,RPAI
447,NASDAQ,ATAX
321,NYSE,NKE
430,NYSE,IFT
419,NASDAQ,UCFC
776,NYSE,KSU
136,NASDAQ,LLEN
124,NASDAQ,GSJK
626,AMEX,MEA
837,NASDAQ,CGNX
761,NASDAQ,SBAC
760,NASDAQ,FISV
521,NASDAQ,MSON
752,NASDAQ,HDS
112,NYSE,AGU
911,NYSE,OGE
122,NASDAQ,KIOR
425,NYSE,CXH
521,NASDAQ,VOLC
323,NASDAQ,SUMR
333,NASDAQ,SHLO
515,NASDAQ,TSPT
840,NASDAQ,LTON
712,NYSE,THI
515,NASDAQ,MNOV
760,NASDAQ,XWES
425,NYSE,BHY
411,NASDAQ,PNBK
411,NASDAQ,CAC
914,NASDAQ,ARTNA
124,NYSE,CRR
776,NYSE,CNI
712,NYSE,MCD
712,NASDAQ,DFRG
445,NYSE,AMH
844,NASDAQ,WIN
621,NYSE,MWA
515,NASDAQ,CBLI
774,NASDAQ,WERN
412,NASDAQ,SVBI
834,NASDAQ,RDA
425,NYSE,BBK
843,NYSE,PTGI
432,NYSE,MKL
521,NASDAQ,OFIX
630,NYSE,HOV
134,AMEX,GORO
348,NASDAQ,FIZZ
520,AMEX,ISR
133,AMEX,QRM
419,NASDAQ,PROV
515,AMEX,CXM
813,NASDAQ,DRAM
515,NASDAQ,ALNY
125,NYSE,TEP
412,NASDAQ,VBFC
342,AMEX,CMFO
443,AMEX,IHT
846,AMEX,NTS
528,NYSE,MD
510,NASDAQ,SKBI
621,NYSE,PNR
124,NYSE,BAS
320,NASDAQ,JOEZ
737,NASDAQ,KIRK
444,NYSE,PLD
416,NASDAQ,TCBK
837,NASDAQ,DGLY
123,NYSE,CXO
132,NYSE,AWC
515,AMEX,HEB
416,NASDAQ,CHMG
110,NYSE,ARSD
315,NYSE,LF
515,NASDAQ,RNA
434,NASDAQ,ERIE
622,NASDAQ,EVAC
634,NYSE,TREX
775,NYSE,BALT
710,NASDAQ,HTHT
414,NASDAQ,FSFG
414,AMEX,PRK
423,NYSE,SAR
521,NASDAQ,KIPS
521,NASDAQ,RTIX
760,NYSE,CVG
419,NASDAQ,FCAP
833,NASDAQ,EZCH
823,NASDAQ,ASIA
521,NASDAQ,WMGI
726,NYSE,RLD
430,NYSE,CIA
346,NYSE,BORN
821,NASDAQ,EFUT
510,NYSE,LLY
414,NASDAQ,THFF
767,NYSE,KBR
442,NYSE,UHT
425,NYSE,EHI
815,NASDAQ,HAUP
448,NASDAQ,INTG
510,NASDAQ,RPTP
911,NYSE,AES
515,NASDAQ,VPHM
124,NASDAQ,EXLP
841,NASDAQ,MITL
824,NYSE,RAX
622,NYSE,UTX
774,NASDAQ,QLTY
425,NYSE,BFZ
762,NASDAQ,ULTA
419,NASDAQ,TSBK
726,NASDAQ,DWA
620,NYSE,CAT
767,NASDAQ,WLDN
836,NASDAQ,VICR
520,AMEX,RVP
440,NYSE,WPC
426,NYSE,MFD
424,NASDAQ,MGI
722,NASDAQ,FOXA
440,NASDAQ,GOOD
835,NASDAQ,MFLX
515,NASDAQ,HALO
325,NASDAQ,MINI
412,NASDAQ,BKSC
821,NYSE,MRIN
775,NASDAQ,SHIP
414,NASDAQ,OVBC
713,AMEX,BDL
514,NASDAQ,AUXL
622,NYSE,DRC
711,NASDAQ,PENN
523,NASDAQ,ENSG
712,NASDAQ,HOTR
410,NASDAQ,BLMT
422,NASDAQ,CG
134,NYSE,GG
125,NYSE,NS
124,NYSE,GGS
345,NASDAQ,MDLZ
424,NASDAQ,NICK
516,NASDAQ,AMAG
734,NASDAQ,ARDNA
317,NASDAQ,ATX
821,NYSE,RHT
627,NASDAQ,CPST
833,NASDAQ,PLXT
625,NYSE,SCX
448,NYSE,BPO
420,NASDAQ,COWN
416,NASDAQ,HTBK
419,NASDAQ,FDEF
515,NASDAQ,NVAX
425,NYSE,BKT
826,NASDAQ,SPNS
745,NYSE,KORS
775,NYSE,KEX
425,NYSE,BPK
826,NYSE,SLH
832,NASDAQ,AFOP
521,NYSE,SMA
813,NYSE,EMC
113,NYSE,OMG
125,NYSE,KMI
775,NYSE,TGP
510,NASDAQ,ANTH
416,NASDAQ,CVBF
520,NYSE,COV
310,NYSE,WHR
745,NYSE,CST
762,NYSE,BFAM
419,NASDAQ,BFIN
123,NYSE,UNT
419,NYSE,AF
911,NYSE,ITC
520,NASDAQ,TRNX
411,NASDAQ,BNCL
419,NASDAQ,HBCP
419,NASDAQ,KRNY
419,NASDAQ,SFBC
911,NYSE,HE
822,NYSE,INFY
430,NYSE,MFC
427,NYSE,KF
811,NASDAQ,DELL
443,NYSE,HT
134,AMEX,TGD
121,NYSE,XCO
727,NYSE,AHC
851,NASDAQ,YNDX
821,NASDAQ,BSFT
515,NASDAQ,SVNT
414,NASDAQ,BUSE
912,NYSE,PNY
124,NYSE,NOV
124,NYSE,TDW
420,NYSE,KCG
515,NASDAQ,CHTP
633,NYSE,CPAC
413,NASDAQ,EVBS
836,NASDAQ,UNXL
830,NASDAQ,IDTI
340,AMEX,TOF
444,NYSE,TRNO
417,NYSE,SAN
821,NASDAQ,DAEG
626,NASDAQ,HAYN
342,NYSE,SJM
752,NYSE,EDG
722,NYSE,LYV
416,NASDAQ,AMRB
840,NASDAQ,NIHD
434,NASDAQ,CRVL
425,NYSE,AFB
134,NYSE,SBGL
846,NASDAQ,WPCS
822,NASDAQ,MENT
411,NASDAQ,MBTF
133,NYSE,MCP
833,NASDAQ,AXTI
824,NASDAQ,VRTU
423,NYSE,APO
443,NASDAQ,SPPR
210,NASDAQ,MWRX
836,NYSE,TEL
323,NASDAQ,IPAR
410,NYSE,MTU
836,NASDAQ,BELFB
325,NYSE,PKG
121,NYSE,DKL
444,NYSE,EXR
124,NYSE,WFT
426,NYSE,ADX
623,NYSE,CCC
743,NASDAQ,HAST
911,NASDAQ,FCEL
730,NASDAQ,BODY
822,NASDAQ,ANSS
414,NASDAQ,LKFN
730,NYSE,JNY
633,NYSE,CX
419,NASDAQ,HMNF
413,NASDAQ,RBCAA
423,NASDAQ,NDAQ
325,NASDAQ,MPAC
736,NYSE,LOW
412,NASDAQ,CLBH
836,NYSE,AVX
125,NYSE,PAA
760,NASDAQ,GSOL
836,NASDAQ,NSYS
413,NASDAQ,CTBI
121,AMEX,BRN
637,NYSE,RSG
710,NYSE,IHG
840,NYSE,TDS
122,NASDAQ,SYNM
432,NYSE,ACE
511,NASDAQ,APRI
621,AMEX,CCF
851,NASDAQ,CCIH
340,NYSE,WWAV
112,NYSE,RNF
133,NYSE,GNI
622,NYSE,ITT
515,NASDAQ,AMRI
121,AMEX,PDO
515,NASDAQ,OCRX
419,NASDAQ,STSA
412,NASDAQ,LION
637,NASDAQ,SRCL
736,NASDAQ,BLDR
410,NYSE,STI
414,NYSE,USB
753,NYSE,AXE
761,NASDAQ,WLFC
418,NASDAQ,CCCR
123,NYSE,SDRL
757,NASDAQ,NAFC
432,NYSE,RE
411,NASDAQ,NPBC
434,NYSE,WSH
521,NASDAQ,SURG
125,NYSE,BPL
734,NYSE,SWY
525,NASDAQ,NVDQ
913,NYSE,PEG
832,NASDAQ,ALTR
440,NYSE,FUR
611,NYSE,KAMN
113,NYSE,PPG
841,NASDAQ,AMBT
715,NASDAQ,CLUB
210,NYSE,SPLP
834,AMEX,GIG
761,NASDAQ,MGRC
832,NASDAQ,HIMX
515,NASDAQ,ENMD
627,NYSE,AOS
760,NYSE,GDOT
732,NYSE,FDO
845,NYSE,KT
442,NYSE,HCP
834,NASDAQ,KLIC
833,NASDAQ,ADNC
632,NASDAQ,PATK
515,NASDAQ,OXGN
821,NASDAQ,AMSWA
730,NYSE,BKE
832,NYSE,SOL
124,NYSE,DVR
834,AMEX,EMAN
515,NASDAQ,QLTI
821,NASDAQ,MANH
823,NASDAQ,CHKP
125,NYSE,SEP
323,NYSE,ENR
314,NYSE,PHG
412,NASDAQ,SASR
760,NASDAQ,EEFT
832,NASDAQ,NVEC
512,NASDAQ,HITK
521,NASDAQ,UPI
419,NASDAQ,SIFI
835,NASDAQ,KBALB
760,NASDAQ,CNSI
422,AMEX,CEF
622,NASDAQ,TAYD
624,NYSE,PRLB
322,NYSE,MYE
521,NASDAQ,MDXG
323,NYSE,EL
841,NYSE,NOK
419,NASDAQ,WAYN
826,NASDAQ,VRNT
447,NYSE,WAC
121,AMEX,GBR
331,NYSE,HY
110,NYSE,CE
133,AMEX,GMO
528,AMEX,AMS
523,NYSE,ESC
627,NASDAQ,HOLI
413,NASDAQ,PNFP
420,NYSE,GCAP
524,AMEX,SSY
836,NASDAQ,LFUS
121,AMEX,MCF
765,AMEX,MOC
414,NASDAQ,FMER
826,NASDAQ,NINE
134,AMEX,BAA
622,NYSE,IEX
515,AMEX,SYN
420,NYSE,RCAP
725,NASDAQ,TIVO
425,NYSE,MEN
123,NASDAQ,AREX
521,NYSE,ABT
775,NYSE,DSX
317,NYSE,LVB
516,NASDAQ,QDEL
432,NYSE,TPRE
825,NASDAQ,CERN
837,NASDAQ,MIND
443,NYSE,HST
761,NASDAQ,CAR
844,NASDAQ,TWTC
835,NASDAQ,PLXS
425,NYSE,NSL
813,NYSE,FIO
846,NASDAQ,LMOS
123,NYSE,CEO
425,NYSE,EGF
622,NASDAQ,WSCI
524,NYSE,CYH
821,NASDAQ,NSIT
112,NASDAQ,YONG
775,NASDAQ,GASS
422,AMEX,NKG
432,NASDAQ,TWGP
423,NASDAQ,DMLP
837,NASDAQ,AFFX
752,NASDAQ,NEWP
753,NASDAQ,AEY
635,NYSE,ICA
631,NASDAQ,TTS
771,NASDAQ,SKYW
113,NYSE,ALB
764,NYSE,SFN
832,NASDAQ,LSI
416,NASDAQ,HEOP
524,NYSE,VHS
419,NASDAQ,FNFG
525,NASDAQ,ROSG
511,NASDAQ,PCYC
430,NASDAQ,NWLI
418,NYSE,BSMX
712,AMEX,FRS
121,NYSE,ROYT
834,NASDAQ,NVMI
440,NYSE,IRET
832,NASDAQ,CSIQ
760,NASDAQ,RLJE
416,NASDAQ,BBCN
419,NASDAQ,WVFC
913,NYSE,PVR
511,NASDAQ,UTHR
512,NYSE,ACT
627,NASDAQ,HPJ
634,NYSE,MLM
521,NASDAQ,CYNO
347,NASDAQ,WVVI
846,NASDAQ,RRST
120,NYSE,SSL
410,NYSE,NBG
427,NYSE,MSF
350,NYSE,RAI
754,NASDAQ,PDCO
823,NYSE,BRC
626,NYSE,WOR
525,NASDAQ,ICLR
627,AMEX,UQM
821,NASDAQ,VRNG
130,AMEX,FRD
834,NASDAQ,IMI
733,NYSE,WAG
441,NYSE,BOXC
515,AMEX,MSTX
846,NASDAQ,TWER
775,NASDAQ,ULTR
851,NYSE,TAOM
325,NYSE,BLL
442,NYSE,LTC
416,NASDAQ,GBCI
515,NASDAQ,GNVC
766,NASDAQ,NAUH
911,NYSE,SO
752,NYSE,GWW
832,NASDAQ,SCTY
417,NYSE,LYG
121,AMEX,HUSA
416,NASDAQ,CVCY
733,NYSE,CVS
760,NYSE,BLOX
520,NYSE,BCR
312,NYSE,NWL
324,NYSE,IP
124,NASDAQ,RCON
841,NASDAQ,IKAN
744,NYSE,LAD
766,NYSE,FC
346,NYSE,VCO
440,NYSE,LXP
837,NASDAQ,IIVI
440,NASDAQ,VRTB
447,NASDAQ,MRLN
440,NASDAQ,MTGE
735,NYSE,RSH
423,NYSE,ICE
427,NYSE,ETW
722,NYSE,TWX
520,NYSE,WST
814,NASDAQ,LTRX
850,NYSE,TRLA
821,NYSE,DATA
712,NASDAQ,RUTH
912,NYSE,SXE
769,NASDAQ,HPOL
712,NASDAQ,NDLS
340,NYSE,POST
326,NYSE,ECL
511,NYSE,SCR
330,NYSE,TTM
133,NYSE,TAHO
824,NYSE,UIS
525,NASDAQ,IRWD
446,NYSE,IRC
621,NYSE,SXI
320,NYSE,GIL
757,NASDAQ,UNFI
851,NASDAQ,HSTM
627,NASDAQ,WWD
852,NASDAQ,NETE
445,NYSE,HTS
622,NASDAQ,PMFG
134,AMEX,AAU
832,NASDAQ,MPWR
814,NASDAQ,ARUN
731,NYSE,JCP
510,NASDAQ,TTPH
120,AMEX,CQP
732,NYSE,VIPS
325,NYSE,ATR
411,NASDAQ,SBBX
852,AMEX,VHC
426,NYSE,TYN
823,NASDAQ,SYMC
515,NASDAQ,PRTA
521,NASDAQ,MAKO
840,NYSE,VIV
765,NASDAQ,NSSC
776,NYSE,CP
341,NASDAQ,GAGA
760,NYSE,SNX
422,NYSE,CNS
836,NASDAQ,IVAC
449,NYSE,JOE
761,NYSE,FLY
113,NYSE,OLN
426,NYSE,EOS
633,NYSE,JHX
712,NASDAQ,RRGB
846,NASDAQ,TBOW
121,NYSE,PBT
755,NASDAQ,TECD
440,NYSE,MFA
610,NYSE,NOC
765,NYSE,CKP
823,NASDAQ,FIRE
726,NYSE,LGF
424,NYSE,EFX
330,NASDAQ,TSLA
621,NYSE,B
760,NASDAQ,EXLS
620,NYSE,AGCO
125,NYSE,SEMG
611,NYSE,HXL
635,NYSE,TPC
760,NASDAQ,PRAA
110,NYSE,REX
324,NYSE,RFP
525,NASDAQ,RGDX
761,NASDAQ,ESSX
333,NASDAQ,QTWW
416,NASDAQ,FCZA
836,NASDAQ,COGO
425,NYSE,PMO
824,NYSE,CSC
710,NYSE,HOT
432,NYSE,HMN
845,NASDAQ,HKTV
912,NYSE,SJI
521,NASDAQ,AHPI
830,NASDAQ,MLNX
626,NASDAQ,CLNT
424,NASDAQ,SNFCA
121,AMEX,MXC
432,NASDAQ,UFCS
432,NASDAQ,ACGL
412,NASDAQ,STEL
511,NASDAQ,SCLN
123,NASDAQ,FXEN
913,NYSE,AVA
124,NYSE,PDS
758,AMEX,AMCO
411,NASDAQ,RBPAA
716,NYSE,FUN
764,NASDAQ,PAYX
833,NYSE,SUNE
432,NASDAQ,SAFT
712,NASDAQ,DENN
632,NASDAQ,POPE
628,NASDAQ,DXYN
711,AMEX,UWN
320,NYSE,ZQK
626,NASDAQ,BOOM
515,NASDAQ,BMRN
635,AMEX,AGX
341,NYSE,GRO
411,NASDAQ,ALLB
324,NYSE,WPP
765,NASDAQ,KTOS
851,NASDAQ,TRIP
751,NYSE,BXC
834,NASDAQ,AMAT
711,NYSE,CCL
113,NASDAQ,IOSP
440,NYSE,SFI
821,NYSE,AVG
824,NYSE,IT
122,NYSE,PSXP
125,NYSE,TCP
419,NASDAQ,PBIP
515,NASDAQ,INSM
834,NYSE,TER
411,NASDAQ,NFBK
513,NASDAQ,FLML
121,NYSE,PER
830,NASDAQ,SIMG
760,NASDAQ,PFMT
346,NASDAQ,BREW
311,NYSE,TPX
125,NYSE,MMP
622,NYSE,ROK
745,NASDAQ,OUTR
425,NYSE,ICB
840,NYSE,TU
911,NYSE,CMS
121,NYSE,COG
314,NASDAQ,COBR
440,AMEX,PW
120,NYSE,BP
348,NYSE,COT
521,NYSE,VAR
340,NASDAQ,WILC
835,NASDAQ,ELTK
827,NYSE,FDS
511,NASDAQ,POZN
416,NASDAQ,PLBC
133,NASDAQ,CHNR
418,NYSE,WF
840,NYSE,TSU
826,AMEX,PCYG
913,NYSE,BEP
412,NASDAQ,GBNK
721,NASDAQ,AMCN
448,NYSE,TPGI
441,NYSE,AAT
425,NYSE,DSM
622,NYSE,KAI
515,NASDAQ,PBMD
333,NYSE,MTOR
911,NYSE,GXP
841,NASDAQ,EGHT
630,NYSE,PHM
414,NASDAQ,UBCP
320,NYSE,CRI
833,NASDAQ,TXCC
524,NYSE,UHS
727,NASDAQ,DJCO
773,NYSE,UPS
512,NASDAQ,AVNR
121,NYSE,MUR
830,NYSE,AMD
422,NYSE,GBL
515,NASDAQ,BOTA
528,NYSE,HLS
813,NASDAQ,NTAP
122,NYSE,IOC
410,NYSE,BNS
412,NASDAQ,ANCX
846,NYSE,VG
611,NYSE,TDY
133,NYSE,SWC
510,NASDAQ,ASTX
425,NYSE,HPF
620,NASDAQ,ASTE
422,AMEX,JRS
620,NASDAQ,GENC
350,NYSE,LO
421,NASDAQ,PLCC
836,NASDAQ,SIMO
120,NYSE,STO
412,NASDAQ,OPHC
424,NYSE,DFS
627,NYSE,GTI
521,NASDAQ,MDRX
515,NASDAQ,ANIK
520,NASDAQ,IART
773,NASDAQ,SINO
846,NYSE,DCM
123,NYSE,AAV
624,NASDAQ,HDNG
448,NYSE,ADC
813,NASDAQ,HILL
449,NYSE,ALEX
515,NASDAQ,RPRX
845,NYSE,NTL
911,NYSE,UNS
721,NYSE,HHS
836,NASDAQ,ALTI
840,NASDAQ,RNET
422,NYSE,NOAH
834,NASDAQ,ATRM
411,NASDAQ,HWBK
342,NYSE,THS
420,NASDAQ,IBKR
312,NYSE,JAH
514,NASDAQ,NAII
440,NYSE,AVIV
827,NYSE,IHS
630,NYSE,BZH
634,NYSE,MAS
515,NASDAQ,ACHN
113,NYSE,WPZ
315,NASDAQ,MAT
827,NYSE,BR
332,NYSE,MPX
521,NASDAQ,ARAY
712,NASDAQ,RICK
515,NASDAQ,AMGN
136,NASDAQ,SCOK
523,NYSE,CSU
710,NYSE,H
110,NYSE,ARG
333,NYSE,SMP
323,NYSE,REV
125,NYSE,KMP
123,NYSE,BPZ
837,NASDAQ,MEAS
432,NASDAQ,BWINB
134,AMEX,ANV
620,NYSE,ALG
311,NYSE,FBHS
423,NYSE,DOM
711,NYSE,LVS
419,NASDAQ,FXCB
111,NASDAQ,LTBR
510,NYSE,AZN
771,NYSE,GOL
422,NASDAQ,ECPG
826,NASDAQ,EPAY
764,NYSE,AHS
448,AMEX,AQQ
417,NYSE,WBK
523,NYSE,SKH
424,NASDAQ,NEWS
821,NYSE,STV
821,NYSE,DWRE
728,NYSE,MDP
851,NASDAQ,ABTL
123,AMEX,LNG
311,NYSE,LEG
425,NYSE,NMI
412,NASDAQ,TOWN
515,NASDAQ,PACB
525,NASDAQ,AIQ
611,NYSE,COL
763,NASDAQ,NTRI
753,NASDAQ,TESS
628,AMEX,HWG
520,NYSE,BAX
814,NASDAQ,GCOM
837,NASDAQ,DYSL
515,NASDAQ,AGIO
821,NASDAQ,AGYS
424,NASDAQ,DLLR
627,NASDAQ,REFR
760,NASDAQ,INOC
430,NASDAQ,AAME
419,AMEX,TSH
760,NYSE,MCO
425,NYSE,DTF
851,NASDAQ,REDF
121,NYSE,NSLP
912,NASDAQ,RGCO
133,AMEX,NAK
419,NASDAQ,ONFC
833,NASDAQ,QUIK
744,NASDAQ,CRMT
433,NASDAQ,AMBC
745,NASDAQ,TITN
123,NYSE,MHR
528,AMEX,HH
634,NASDAQ,UFPI
834,NASDAQ,AEHR
123,NASDAQ,ORIG
771,NASDAQ,HA
110,NYSE,APD
760,NYSE,ARC
121,AMEX,FPP
410,NASDAQ,HOMB
833,NASDAQ,EMKR
738,NASDAQ,ORLY
628,NYSE,MHK
627,NASDAQ,CUI
522,NYSE,HUM
627,NYSE,BDC
812,NASDAQ,IGOI
758,NASDAQ,ERS
427,NYSE,LGI
123,NASDAQ,LGCY
124,NASDAQ,DWSN
418,NYSE,SMFG
449,AMEX,CTO
911,NYSE,KEP
822,NASDAQ,ISNS
448,NYSE,DFT
624,NYSE,KMT
345,NYSE,HSY
772,NASDAQ,AAWW
412,NASDAQ,SBSI
446,NYSE,HPT
831,NASDAQ,RMBS
738,NASDAQ,PRTS
711,NYSE,PNK
432,NASDAQ,EMCI
515,NASDAQ,ABIO
527,NASDAQ,LCAV
912,NYSE,AMID
419,NASDAQ,HIFS
821,NASDAQ,SEAC
445,NYSE,MAA
815,NASDAQ,RIMG
841,NYSE,HRS
841,NASDAQ,INFN
124,NASDAQ,FES
121,NYSE,SM
432,NASDAQ,UNAM
331,NYSE,NAV
734,NYSE,WMK
411,NYSE,STL
822,NASDAQ,ACIW
821,NASDAQ,CHYR
448,NYSE,AMRE
767,NYSE,STN
851,NASDAQ,AWAY
511,NASDAQ,DVAX
772,NASDAQ,PHII
826,NASDAQ,EGAN
525,NYSE,DGX
742,AMEX,DGSE
760,AMEX,DSS
714,NASDAQ,CHDN
315,NYSE,KID
742,AMEX,BMJ
824,NASDAQ,RVBD
821,NASDAQ,XRSC
760,NASDAQ,ENOC
770,NYSE,DAL
121,AMEX,EPM
110,NYSE,SQM
121,NYSE,EPD
852,NASDAQ,ANGI
411,NASDAQ,ASRV
425,NYSE,NUV
637,NYSE,NES
432,NYSE,RDN
124,NYSE,BHI
135,NASDAQ,SSRI
745,NASDAQ,ZAGG
414,NYSE,CMA
133,AMEX,ASM
624,NYSE,BLT
724,NASDAQ,SIRI
322,NYSE,CTB
846,NASDAQ,HCOM
771,NYSE,LFL
523,AMEX,NHC
311,NASDAQ,SCSS
521,NASDAQ,PHMD
317,NYSE,MANU
418,NYSE,FBP
430,NYSE,AEL
910,NYSE,ENI
637,NYSE,WM
710,NASDAQ,HMIN
771,NASDAQ,JBLU
622,NYSE,TMS
515,NASDAQ,ADHD
326,NASDAQ,SWSH
410,NYSE,PNC
121,NYSE,CNQ
767,AMEX,VSR
813,NASDAQ,SNDK
757,AMEX,CRVP
832,NASDAQ,LSCC
441,NYSE,LRY
515,NASDAQ,OMED
432,NYSE,AWH
411,NASDAQ,WFD
316,NASDAQ,BDE
323,NYSE,CL
413,NASDAQ,FMFC
516,NASDAQ,TRIB
419,NASDAQ,JXSB
446,AMEX,HMG
311,NASDAQ,MFRM
730,NYSE,EXPR
760,NASDAQ,DGIT
110,NYSE,BIOA
122,NYSE,DK
770,NASDAQ,SAVE
426,NASDAQ,KIPO
515,NASDAQ,PETX
822,NYSE,TYL
423,NASDAQ,AINV
411,NASDAQ,METR
515,NASDAQ,CBPO
134,AMEX,RIC
411,NASDAQ,CNBKA
113,NASDAQ,SYMX
110,NYSE,VHI
714,NASDAQ,CPHC
822,NYSE,SYX
421,NYSE,SF
125,NYSE,OILT
522,NYSE,HNT
133,AMEX,NCQ
131,NYSE,SCCO
347,NASDAQ,THST
423,NASDAQ,CBOE
632,NYSE,DEL
331,NYSE,OSK
135,NYSE,CDE
841,NASDAQ,TSYS
348,NYSE,PEP
852,NASDAQ,TRAK
414,NASDAQ,FMNB
826,NASDAQ,SSNC
762,NYSE,STON
814,NASDAQ,SILC
525,NASDAQ,LPDX
422,NASDAQ,CSWC
446,NYSE,SKT
911,NYSE,DUK
728,NYSE,DM
621,NASDAQ,TRS
314,NASDAQ,AAPL
333,NASDAQ,WPRT
121,NYSE,KWK
521,NASDAQ,NXTM
446,NYSE,RPT
447,NYSE,BRT
425,NYSE,ACG
350,NYSE,VGR
316,NASDAQ,JOUT
425,NYSE,BIE
425,NYSE,PCF
610,NASDAQ,MICT
426,NYSE,JTA
411,NASDAQ,FULT
841,NASDAQ,TLAB
825,NASDAQ,MDSO
412,NASDAQ,CFFI
813,NYSE,ELX
836,NYSE,DLB
830,NASDAQ,ENTR
121,NASDAQ,XTEX
411,NASDAQ,PGC
775,NYSE,STNG
731,NASDAQ,SHOS
413,NASDAQ,PBIB
420,NYSE,AMTD
824,NASDAQ,SYNT
830,NASDAQ,AVGO
320,AMEX,APP
622,NYSE,BWC
432,NYSE,STC
837,NASDAQ,RSTI
734,NASDAQ,FWM
411,NASDAQ,FCCY
424,NYSE,RM
715,NASDAQ,ISCA
730,NASDAQ,DXLG
633,NYSE,EXP
516,NASDAQ,SRDX
623,AMEX,GRH
824,NASDAQ,RDWR
321,NASDAQ,SHOO
515,NASDAQ,NBS
627,NASDAQ,LYTS
443,NYSE,PEB
813,NYSE,TDC
744,NYSE,SAH
419,NASDAQ,NFSB
835,NASDAQ,VIAS
738,NYSE,AAP
712,NYSE,BKW
516,AMEX,PTN
852,NASDAQ,SPRT
121,NYSE,NFG
432,NYSE,WRB
521,NYSE,IVC
416,NASDAQ,UBFO
444,NYSE,DCT
515,AMEX,IMUC
713,NASDAQ,SBUX
325,NYSE,OI
846,NYSE,TLK
130,AMEX,SIM
911,NYSE,DYN
419,NASDAQ,HOME
122,NYSE,MPC
525,NASDAQ,SPEX
313,NASDAQ,MLHR
837,NYSE,ESE
418,NYSE,BBD
134,AMEX,RBY
418,NYSE,BSBR
425,NYSE,DSU
410,NYSE,BSAC
515,NASDAQ,RELV
722,NYSE,WWE
830,NASDAQ,ATML
416,NASDAQ,UMPQ
425,NYSE,MYF
448,NYSE,EJ
348,NASDAQ,SODA
434,NYSE,BRO
724,AMEX,SGA
742,NASDAQ,NILE
511,AMEX,TPI
133,NYSE,USU
512,NASDAQ,MYL
750,AMEX,CRV
446,NYSE,WRI
415,NASDAQ,BANF
712,NASDAQ,BAGL
333,NYSE,AXL
610,NYSE,GY
725,NASDAQ,CRWN
414,NASDAQ,CBIN
521,NASDAQ,ETRM
425,NYSE,PPT
720,NASDAQ,LAMR
520,NASDAQ,LAKE
444,NYSE,BMR
832,NASDAQ,MEMS
812,NYSE,SSNI
422,NASDAQ,GLCH
728,NYSE,ENL
133,NASDAQ,ZINC
826,NASDAQ,SLP
348,NYSE,CCH
331,NYSE,WNC
411,AMEX,EVBN
326,NYSE,ZEP
745,NYSE,SBH
611,NYSE,ESL
515,NASDAQ,IMMY
911,NYSE,EDN
321,NASDAQ,RCKY
342,NYSE,MJN
515,NASDAQ,SQNM
760,NASDAQ,INWK
637,NASDAQ,PESI
621,NASDAQ,MASC
710,NASDAQ,CTRP
763,NYSE,TUC
413,NASDAQ,CZFC
511,NASDAQ,DEPO
342,NYSE,K
837,NASDAQ,GRMN
418,NASDAQ,BPOP
414,NASDAQ,FFBC
826,NASDAQ,HMNY
113,NYSE,FTK
776,NASDAQ,PACR
113,NYSE,POL
320,NASDAQ,SGC
210,NASDAQ,HTWO
815,NYSE,DDD
720,NYSE,YUME
432,NYSE,KMPR
419,NASDAQ,PBCP
412,NASDAQ,SCBT
840,NYSE,TKC
820,NYSE,KNM
744,NASDAQ,CPRT
133,AMEX,SVBL
741,NYSE,BBW
851,NASDAQ,VCLK
124,NYSE,EXH
721,NYSE,VCI
732,NYSE,TGT
419,NASDAQ,LPSB
448,NYSE,AXR
760,AMEX,MGT
425,NYSE,NXR
136,NASDAQ,WLB
841,NASDAQ,SHOR
445,NYSE,SNH
515,NASDAQ,CELG
123,AMEX,CEP
851,NASDAQ,CNET
210,NYSE,HRG
627,AMEX,LGL
410,NYSE,BMO
125,NYSE,EPB
734,NASDAQ,CASY
833,NASDAQ,PLAB
911,NYSE,ELP
414,NASDAQ,SRCE
342,NASDAQ,KTEC
730,NYSE,NWY
633,NYSE,CRH
521,NASDAQ,CNMD
432,NYSE,AXS
764,NYSE,MAN
515,NASDAQ,ICEL
768,NASDAQ,ACTG
323,NYSE,COTY
825,NASDAQ,WBMD
832,NASDAQ,MCHP
421,NYSE,ITG
134,AMEX,XRA
447,NYSE,WMC
510,NASDAQ,KERX
125,NYSE,CHKR
820,NASDAQ,GRVY
826,NASDAQ,BLKB
622,NYSE,GE
520,NASDAQ,HBIO
841,NASDAQ,PAMT
833,NASDAQ,ESIO
415,NASDAQ,MFNC
737,NYSE,WSM
510,NYSE,PFE
419,NASDAQ,HFBL
426,NYSE,GAM
762,NASDAQ,MATW
515,NASDAQ,OSIR
841,NASDAQ,CRNT
110,NYSE,ASH
510,NASDAQ,HZNP
113,NYSE,KWR
515,NASDAQ,CYTX
521,NYSE,TGX
449,NYSE,INN
120,NYSE,PTR
411,NASDAQ,STBA
520,AMEX,INFU
130,NYSE,TX
342,NASDAQ,FARM
432,NASDAQ,ANAT
511,NASDAQ,ALXA
761,NASDAQ,ELRC
410,NASDAQ,FCVA
442,NASDAQ,SBRA
764,NYSE,KFY
432,NASDAQ,FNHC
764,NASDAQ,KELYA
768,NASDAQ,FORR
761,NYSE,TAL
422,NYSE,WHG
426,NYSE,DNP
135,AMEX,GPL
432,NASDAQ,GBLI
422,NASDAQ,NTRS
410,NYSE,BAP
840,NYSE,VIP
821,NYSE,WDAY
414,NASDAQ,CZWI
914,NASDAQ,CTWS
851,AMEX,TCX
637,NASDAQ,IDSA
735,NYSE,BBY
834,NASDAQ,ASYS
432,NASDAQ,AFSI
833,NASDAQ,VTSS
830,NASDAQ,GSIT
113,NYSE,KRO
424,NASDAQ,IBCA
515,NASDAQ,ASTM
442,NYSE,OHI
424,NYSE,CSE
813,NASDAQ,BRCD
837,NASDAQ,SYPR
745,NYSE,TUMI
134,NYSE,EGO
764,AMEX,MHH
528,NYSE,DVA
832,NASDAQ,IXYS
121,NYSE,CIE
626,NYSE,PCP
520,NASDAQ,CRDC
913,NYSE,NWE
426,AMEX,UTG
739,NYSE,LITB
824,NASDAQ,ACXM
511,NASDAQ,BIOD
446,AMEX,RPI
730,NYSE,GCO
521,NYSE,RMD
772,NYSE,BRS
836,NYSE,APH
515,NASDAQ,DNDN
124,NYSE,FET
444,NYSE,DRE
730,NYSE,JWN
412,AMEX,VSB
447,NYSE,DRL
425,NYSE,BKK
133,NYSE,CLD
516,NASDAQ,ATOS
767,NYSE,EGL
765,NASDAQ,ASCMA
322,NYSE,TG
432,NYSE,MRH
133,AMEX,PAL
122,NYSE,CVRR
521,NASDAQ,GIVN
411,NASDAQ,AROW
841,NASDAQ,ZOOM
113,NYSE,ROC
432,NYSE,AIG
634,NASDAQ,USCR
722,NYSE,PRIS
767,NASDAQ,LIME
121,NYSE,SN
820,NASDAQ,NCTY
620,NYSE,DE
821,NYSE,SWI
730,NYSE,DSW
630,NASDAQ,CHCI
634,NYSE,VMC
635,NASDAQ,AEGN
515,NASDAQ,NPSP
730,NYSE,LTD
851,NYSE,SFUN
636,NYSE,EME
626,NASDAQ,SCHN
837,NYSE,BIO
121,NYSE,REN
756,NYSE,CAH
513,NASDAQ,PSDV
122,NASDAQ,REGI
425,NYSE,NCO
122,NASDAQ,XTXI
812,NASDAQ,CCUR
832,NASDAQ,SIGM
622,NYSE,FLS
825,NASDAQ,ADAT
422,NASDAQ,RAND
411,NASDAQ,STND
416,NYSE,CYN
821,NASDAQ,BIRT
834,NASDAQ,IMOS
432,NYSE,FAF
413,NASDAQ,OZRK
611,NYSE,SPR
729,NASDAQ,CRRC
415,NASDAQ,ACNB
423,NYSE,MSB
441,NYSE,HPP
821,NASDAQ,MKTO
430,NYSE,PUK
446,NASDAQ,ROIC
323,NASDAQ,MTEX
419,NASDAQ,HMST
738,NYSE,PBY
516,NASDAQ,CEMI
837,NASDAQ,RTEC
133,NYSE,TRQ
515,NASDAQ,OGXI
836,NYSE,KEM
432,NYSE,THG
712,NASDAQ,GTIM
721,NASDAQ,MCHX
515,NASDAQ,CADX
775,NASDAQ,GLBS
510,NASDAQ,BSPM
448,NASDAQ,CSGP
623,NYSE,CLC
321,NASDAQ,CWTR
760,NASDAQ,VRSK
760,NASDAQ,ABCO
835,NASDAQ,ADI
425,NYSE,NAC
122,NYSE,PBF
441,NYSE,FPO
121,NASDAQ,MEMP
753,NASDAQ,TAIT
836,NYSE,LPL
515,NASDAQ,VNDA
320,NYSE,RL
333,AMEX,OBT
416,NASDAQ,ZION
210,NYSE,NC
136,NYSE,RNO
333,NYSE,ALSN
765,NYSE,GEO
414,NASDAQ,SBFG
824,NYSE,FIS
422,NYSE,FIG
620,NYSE,JOY
824,NASDAQ,EDGW
425,NYSE,NMY
742,NASDAQ,CTHR
449,NYSE,FOR
515,AMEX,PLX
125,NYSE,TRGP
760,NASDAQ,RMGN
121,NYSE,FST
826,NASDAQ,PEGA
416,NASDAQ,WBCO
824,NYSE,GWAY
821,NASDAQ,RNWK
432,NYSE,EIG
625,NYSE,SSD
723,AMEX,NTN
122,AMEX,AE
425,NYSE,MTS
770,NYSE,UAL
348,NYSE,KO
832,NASDAQ,FSLR
419,NYSE,FBC
446,NYSE,O
745,NASDAQ,FINL
725,NASDAQ,DISCA
911,NYSE,EOC
441,NYSE,CSG
515,NASDAQ,ONTX
419,NASDAQ,CFFN
323,NYSE,AVP
320,NASDAQ,CRWS
432,NYSE,VOYA
121,NYSE,CHK
622,NYSE,AP
756,NYSE,MCK
824,NASDAQ,BOSC
412,NASDAQ,CRRB
112,NYSE,SYT
840,NASDAQ,PCO
113,NASDAQ,BIOF
515,NASDAQ,SVA
822,NASDAQ,PMTC
771,NYSE,LUV
210,NASDAQ,SAEX
422,NYSE,LAZ
130,NASDAQ,ROCK
134,AMEX,NG
739,NASDAQ,LINTA
837,NASDAQ,MOCO
912,NASDAQ,CLNE
425,NYSE,NIM
912,NYSE,GAS
516,NASDAQ,VRML
320,NYSE,XNY
837,NASDAQ,FEIC
769,NASDAQ,HCKT
412,NASDAQ,FCNCA
515,NASDAQ,ARWR
123,NYSE,CMLP
325,NYSE,CCK
432,NYSE,TRV
611,NYSE,ORB
513,NASDAQ,ALKS
913,NYSE,TAC
414,NASDAQ,FMBI
515,NASDAQ,ARNA
112,NASDAQ,MBII
753,NYSE,ARW
416,NASDAQ,TBNK
445,NYSE,ESS
767,NASDAQ,TTEK
762,NASDAQ,WOOF
845,NYSE,PHI
448,NYSE,AKR
851,NASDAQ,FB
760,NYSE,GPN
821,NASDAQ,EXA
525,NYSE,Q
711,NASDAQ,MPEL
833,NASDAQ,TQNT
333,NYSE,JCI
764,AMEX,JOB
528,NASDAQ,IPCM
412,NASDAQ,SFST
125,NYSE,FI
830,NASDAQ,ISIL
447,NASDAQ,ASPS
723,NASDAQ,NWSA
721,NASDAQ,DXM
134,NASDAQ,KGJI
911,NYSE,LNT
134,AMEX,MDW
342,NASDAQ,JJSF
712,NASDAQ,CAKE
441,NYSE,DLR
775,NYSE,GLOG
411,NASDAQ,PFBX
419,NYSE,OCN
414,NASDAQ,FRME
826,NASDAQ,QLIK
124,NYSE,OIS
824,NASDAQ,NCIT
331,NYSE,ACW
822,NASDAQ,CNQR
426,NYSE,JDD
123,NASDAQ,VNR
760,NASDAQ,FURX
913,NYSE,UGI
764,NASDAQ,CCRN
515,NASDAQ,STML
766,NASDAQ,LOPE
432,NYSE,FAC
125,NYSE,GEL
844,NYSE,CBB
821,AMEX,EXE
441,NYSE,PKY
422,NASDAQ,CLMS
133,AMEX,ATL
419,NYSE,BHLB
133,NYSE,ACI
846,NASDAQ,CCOI
432,NYSE,KFS
911,NYSE,ED
745,NYSE,CSS
422,AMEX,ECF
341,NASDAQ,GRIF
634,NYSE,USG
411,NASDAQ,CNBC
911,NYSE,PCG
515,AMEX,PIP
837,NASDAQ,COHR
622,NASDAQ,TWIN
626,NYSE,RS
716,NYSE,SIX
312,NASDAQ,HELE
830,NYSE,FSL
422,NASDAQ,TIPT
342,NASDAQ,LNCE
637,NYSE,TRR
730,NYSE,SSI
515,NASDAQ,ITMN
341,NYSE,FDP
113,NASDAQ,MBLX
425,NYSE,HYF
635,NYSE,MTZ
419,NASDAQ,LSBK
760,NYSE,SRT
835,NASDAQ,SGMA
416,NYSE,BOH
914,NASDAQ,CDZI
415,NASDAQ,COBZ
760,NASDAQ,BDMS
766,NASDAQ,COCO
774,NASDAQ,PATR
634,NASDAQ,AAON
511,NASDAQ,SGYP
122,NYSE,UGP
627,NYSE,BGC
844,NYSE,CHT
422,AMEX,EIA
134,NYSE,HMY
411,NASDAQ,VSBN
420,NYSE,NMR
622,NYSE,PLL
113,NYSE,NEU
822,NASDAQ,SCSC
510,NASDAQ,KBIO
516,NASDAQ,ICCC
820,NYSE,IGT
767,NYSE,URS
521,NYSE,GMED
449,NYSE,BAM
622,NYSE,ATU
425,NYSE,MUI
133,NYSE,TCK
412,NASDAQ,LCNB
411,NASDAQ,UVSP
416,NASDAQ,CATY
414,NASDAQ,ASBC
113,NASDAQ,HWKN
133,NYSE,SLCA
122,NYSE,HFC
826,NASDAQ,JKHY
448,NYSE,LND
422,AMEX,NMZ
841,NASDAQ,IDSY
121,NASDAQ,APAGF
837,NASDAQ,ELSE
521,NASDAQ,TECH
525,NASDAQ,PRXL
750,NYSE,MGA
760,NYSE,VVI
418,NYSE,BMA
833,NASDAQ,PRKR
760,NYSE,SSTK
734,NYSE,CBD
852,NASDAQ,GKNT
425,NYSE,BFO
769,NYSE,BAH
843,NASDAQ,GNCMA
449,NYSE,BPY
744,NASDAQ,RUSHB
412,NASDAQ,UCBI
425,NYSE,NQU
432,NASDAQ,NSEC
837,NYSE,BMI
775,NYSE,ISH
515,NASDAQ,NKTR
634,NASDAQ,RSOL
712,NASDAQ,BBRG
844,NASDAQ,ALSK
833,NASDAQ,MSCC
762,NYSE,RGS
833,NASDAQ,PXLW
510,NASDAQ,BIOS
521,NYSE,GB
765,AMEX,CIX
420,NYSE,GFIG
623,NASDAQ,ECTY
771,NYSE,CPA
851,AMEX,MEET
851,NYSE,FENG
521,AMEX,NAVB
760,NYSE,ROL
311,NASDAQ,STLY
914,NYSE,SBS
520,NASDAQ,ANGO
813,NASDAQ,HTCH
340,NASDAQ,LANC
416,NASDAQ,BANC
515,NASDAQ,CMRX
521,NYSE,BSX
425,NYSE,NPF
420,NASDAQ,MKTX
815,NASDAQ,SYNA
340,NASDAQ,KRFT
841,NASDAQ,WSTL
515,NASDAQ,CNDO
824,NASDAQ,SYKE
821,NASDAQ,KEYW
733,NYSE,RAD
430,NASDAQ,LPHI
621,NASDAQ,OFLX
624,NASDAQ,ROLL
730,NYSE,MW
411,NASDAQ,FLIC
347,NYSE,BEAM
837,NASDAQ,TNAV
740,NASDAQ,BGFV
416,NASDAQ,HFWA
411,NASDAQ,COBK
911,NYSE,NEE
711,NASDAQ,FLL
314,NASDAQ,ESYS
448,NYSE,ARL
528,NYSE,USPH
124,NYSE,TTI
623,NASDAQ,ADES
432,NASDAQ,KINS
123,NASDAQ,REXX
846,NASDAQ,MTSL
210,NASDAQ,ENT
739,NASDAQ,STMP
419,NASDAQ,THRD
766,NYSE,UTI
351,NYSE,AOI
821,NASDAQ,MGIC
420,NASDAQ,BGCP
316,NYSE,NLS
350,NYSE,PM
425,NYSE,JHI
425,NYSE,AWF
814,NASDAQ,CNTF
420,AMEX,LTS
344,NYSE,DF
826,NASDAQ,SAPE
913,NYSE,NI
522,NASDAQ,MGLN
511,NASDAQ,CPIX
832,NASDAQ,ACTS
134,AMEX,XPL
841,NASDAQ,ADTN
351,NYSE,UVV
844,NASDAQ,UNTK
322,NASDAQ,AEPI
775,NASDAQ,SBLK
442,NYSE,MPW
320,NYSE,MFB
837,NASDAQ,SMIT
121,AMEX,LEI
621,NASDAQ,HNH
511,AMEX,NBY
769,NYSE,FCN
320,NYSE,ZA
846,NYSE,TI
713,NASDAQ,PNRA
730,NASDAQ,JOSB
733,NASDAQ,CJJD
637,NYSE,VE
412,NASDAQ,CBAN
851,NASDAQ,DATE
121,NYSE,NDRO
125,NYSE,OKS
833,NASDAQ,AMKR
763,AMEX,EVI
712,NASDAQ,KONA
833,NASDAQ,SWKS
726,NYSE,CNK
851,NYSE,RATE
844,AMEX,ALTV
341,NASDAQ,SANW
525,NYSE,ALR
851,NYSE,YOKU
411,NASDAQ,NBN
125,NYSE,NSH
113,NYSE,KMG
412,NASDAQ,SONA
622,NASDAQ,GLPW
121,NASDAQ,USEG
744,NYSE,ABG
752,NASDAQ,HWCC
515,NASDAQ,CYTK
410,NYSE,OFG
325,NYSE,RKT
851,NASDAQ,LLNW
821,NASDAQ,OTEX
773,NYSE,RRTS
515,NASDAQ,PTCT
515,NASDAQ,RGEN
832,NASDAQ,SPWR
821,NASDAQ,DTSI
321,NYSE,WWW
757,NASDAQ,CHEF
412,NASDAQ,NBBC
449,AMEX,IOT
414,NASDAQ,TFSL
414,NASDAQ,MSFG
445,NYSE,ACC
515,NASDAQ,CCXI
434,NYSE,AJG
830,NASDAQ,ONNN
622,AMEX,CUO
760,NASDAQ,PFSW
121,NYSE,PVA
341,NASDAQ,SEED
414,NASDAQ,IBCP
821,NASDAQ,CTCH
419,NASDAQ,KFFB
730,NASDAQ,PSUN
626,NYSE,VMI
419,NASDAQ,PVFC
446,NYSE,CDR
751,NYSE,LPX
446,NYSE,SLG
134,NYSE,PPP
110,NYSE,HUN
123,NYSE,CRT
123,NYSE,WLL
413,NASDAQ,ACFC
760,NYSE,ADS
324,AMEX,TIS
440,NYSE,NNN
342,NYSE,OME
515,NASDAQ,CLDX
449,NASDAQ,STRS
411,NASDAQ,UNB
622,NYSE,CR
851,NASDAQ,SOHU
330,NASDAQ,SORL
516,NASDAQ,NYMX
420,NYSE,GS
837,NYSE,VPG
775,NYSE,TOO
912,NYSE,SWX
419,NASDAQ,ROMA
121,NASDAQ,FANG
622,NYSE,CYD
852,NASDAQ,EQIX
124,NYSE,CAM
133,AMEX,AXX
413,NASDAQ,FFKT
636,NYSE,PIKE
133,NASDAQ,URRE
725,NASDAQ,VIAB
431,NASDAQ,EIHI
323,NYSE,HLF
745,NYSE,CNCO
760,NYSE,RBA
841,NASDAQ,SYMM
134,NYSE,ABX
766,NASDAQ,LINC
341,NASDAQ,ALCO
776,NYSE,GWR
419,NASDAQ,BKMU
836,NASDAQ,RFIL
432,NASDAQ,DGICB
837,NASDAQ,BRKR
520,NASDAQ,OSUR
310,NASDAQ,ARCI
418,NYSE,SHG
425,NYSE,MSD
621,NASDAQ,HEES
520,NASDAQ,DXCM
422,NYSE,AMP
634,NYSE,GFF
914,NYSE,AWK
324,NYSE,UFS
836,NASDAQ,SANM
837,AMEX,TIK
412,NASDAQ,JAXB
834,NASDAQ,NANO
766,NYSE,DL
770,NYSE,CEA
835,NASDAQ,TTMI
421,NYSE,PJC
425,NYSE,MVT
325,NASDAQ,SLGN
322,NASDAQ,GT
833,NASDAQ,POWI
821,NASDAQ,CVLT
411,NASDAQ,CVLY
515,NASDAQ,CTIC
841,NYSE,VCRA
521,NASDAQ,BSDM
432,NYSE,Y
445,NYSE,AVB
333,NYSE,SRI
340,NASDAQ,CENT
774,NYSE,KNX
113,NYSE,RPM
446,NYSE,NRF
833,NYSE,SQNS
425,NYSE,BSD
122,NASDAQ,EROC
624,NYSE,SWK
712,NYSE,CCSC
831,NASDAQ,MU
711,NYSE,RCL
821,NASDAQ,BMC
767,NYSE,FRM
133,NYSE,BBL
113,NYSE,ODC
343,NYSE,TSN
432,NYSE,L
766,NYSE,XRS
836,NASDAQ,MVIS
317,NASDAQ,FOSL
445,NYSE,CPT
734,NASDAQ,CORE
324,NYSE,KS
521,NASDAQ,SPNC
630,NYSE,MDC
448,NASDAQ,OBAS
419,NASDAQ,PSBH
525,NYSE,MTD
833,NASDAQ,SEV
430,NYSE,PRI
846,NYSE,LVLT
412,NASDAQ,ASBB
720,NASDAQ,CHRM
316,NASDAQ,ESCA
515,NASDAQ,PGNX
412,AMEX,FWV
911,NYSE,EDE
123,NYSE,WTI
449,NYSE,IRS
440,NASDAQ,VRTA
528,NASDAQ,ANCI
730,NASDAQ,SCVL
821,NASDAQ,BLIN
124,NYSE,WG
622,NYSE,CMI
124,NYSE,DRQ
432,NYSE,FFG
511,NASDAQ,CRME
123,NYSE,KOG
134,NYSE,AGI
826,NYSE,GWRE
775,NYSE,NM
834,NASDAQ,COHU
446,NYSE,KIM
850,NASDAQ,SIFY
113,NASDAQ,SIAL
635,NYSE,ORN
826,NASDAQ,FORTY
134,NYSE,AU
325,NYSE,GEF
745,NASDAQ,PETM
622,NASDAQ,ZBRA
110,NYSE,PDH
515,NASDAQ,THLD
340,NYSE,DOLE
133,NYSE,CCJ
443,NYSE,CLDT
837,NASDAQ,ALOG
821,NASDAQ,MATR
515,NASDAQ,RGLS
711,NASDAQ,MCRI
113,NYSE,CHMT
124,NASDAQ,TESO
121,AMEX,GTE
846,NASDAQ,VLTC
840,NASDAQ,PTNR
745,NYSE,MED
525,NASDAQ,PMD
426,NYSE,BME
123,NYSE,MWE
411,NASDAQ,MFLR
123,NYSE,HDY
133,AMEX,URZ
521,NASDAQ,SLTM
515,NASDAQ,SNTA
110,NASDAQ,LNDC
821,NASDAQ,SPSC
110,NYSE,PX
133,AMEX,EMXX
130,NYSE,GGB
813,NASDAQ,OCZ
515,NASDAQ,GERN
423,NASDAQ,ESXB
514,NASDAQ,PRPH
775,NYSE,DHT
836,NASDAQ,RVLT
834,NASDAQ,LPTH
821,NASDAQ,EOPN
826,NASDAQ,CSPI
447,AMEX,IMH
448,NYSE,UCP
836,NYSE,EMR
725,NASDAQ,AMCX
775,NYSE,ASC
134,AMEX,GSV
621,NYSE,ABB
820,NASDAQ,KONG
419,NASDAQ,EBSB
626,NYSE,TOWR
445,NYSE,TWO
420,NASDAQ,LPLA
626,NYSE,MLI
430,NYSE,PRU
835,NASDAQ,FLEX
443,NYSE,RLJ
637,NYSE,DAR
333,NYSE,DLPH
515,NASDAQ,EXAS
724,NYSE,P
350,NYSE,MO
723,NYSE,BLC
320,AMEX,EVK
753,NASDAQ,RADA
427,NYSE,IGD
752,NYSE,WCC
412,NASDAQ,WSBC
710,NYSE,OEH
826,NASDAQ,PRFT
520,NASDAQ,ELGX
752,NASDAQ,HDSN
830,NASDAQ,CAVM
762,NYSE,WTW
821,NYSE,MSCI
813,NYSE,QTM
768,NASDAQ,NRCIB
343,NYSE,SFD
622,NYSE,MPR
521,NASDAQ,HNSN
760,NASDAQ,POWR
913,NYSE,NVE
821,NYSE,CVT
821,NASDAQ,QADA
632,NASDAQ,JCTCF
425,NYSE,MYD
836,NASDAQ,PLUG
416,NASDAQ,PCBK
412,NASDAQ,SMMF
834,NASDAQ,LTXC
416,NASDAQ,SIVB
120,NYSE,PZE
133,NYSE,TC
774,NASDAQ,MRTN
515,AMEX,CUR
844,NASDAQ,FRP
730,NYSE,CATO
760,NASDAQ,VPRT
113,NASDAQ,IPHS
712,NASDAQ,BLMN
130,NASDAQ,USAP
121,NYSE,SDR
525,NYSE,A
414,NASDAQ,CITZ
112,NASDAQ,CERE
773,NASDAQ,CHRW
515,NYSE,EBS
112,NYSE,TNH
422,NYSE,LM
712,NASDAQ,AFCE
812,NYSE,RKUS
825,NASDAQ,QSII
725,NASDAQ,CHTR
411,NASDAQ,WBB
724,NASDAQ,SBSA
711,NASDAQ,CZR
510,NASDAQ,NVGN
761,NYSE,URI
712,NASDAQ,TXRH
729,NASDAQ,EDUC
326,NYSE,SCL
841,NASDAQ,AWRE
513,NYSE,VRX
414,NYSE,NBHC
121,NYSE,MPO
317,NASDAQ,SHFL
851,NASDAQ,WWWW
324,NYSE,BZ
637,NASDAQ,TRIT
834,NYSE,DQ
440,NYSE,ANH
516,NASDAQ,AXDX
131,AMEX,AZC
725,NASDAQ,YOD
520,NYSE,MR
634,NYSE,AWI
821,NASDAQ,CNIT
417,NYSE,CS
754,NASDAQ,MWIV
528,NASDAQ,ACHC
911,AMEX,ADGE
627,AMEX,SVT
512,NASDAQ,GALT
510,NYSE,MRK
525,NYSE,CO
515,NASDAQ,INSY
637,NYSE,WCN
770,NYSE,ZNH
110,NYSE,DOW
123,NYSE,MVO
341,NASDAQ,ANDE
911,NYSE,EIX
520,NASDAQ,ATRI
425,NYSE,MYC
210,NYSE,MMM
621,NYSE,NPO
840,NYSE,USM
444,NYSE,EGP
122,NYSE,BPT
744,NYSE,LAS
752,NYSE,MSM
122,NYSE,LGP
820,NASDAQ,ZNGA
521,NYSE,EW
760,NASDAQ,CATM
511,NYSE,TEVA
426,NASDAQ,FUND
423,NASDAQ,TINY
134,AMEX,CGR
133,NYSE,ACO
510,NYSE,ABBV
411,NASDAQ,BCBP
413,NASDAQ,AFCB
448,NYSE,CBG
764,AMEX,CTP
913,NYSE,VVC
441,NYSE,LSE
841,NYSE,CALX
410,NYSE,JPM
324,NYSE,BKI
515,NASDAQ,ZLCS
774,NYSE,CGI
412,NASDAQ,VYFC
524,NYSE,CCM
851,NASDAQ,AKAM
716,NASDAQ,PRXI
424,NYSE,V
775,NYSE,NAT
834,NASDAQ,MTSN
760,NYSE,G
430,NYSE,PNX
760,NYSE,ONE
762,NYSE,CSV
121,NYSE,APC
346,NYSE,FMX
730,NASDAQ,PLCE
133,NYSE,NRP
836,NASDAQ,AMSC
714,NYSE,DDE
722,NASDAQ,DCIN
440,NYSE,VNO
325,NYSE,SEE
833,NASDAQ,OPLK
421,NASDAQ,SIEB
753,NASDAQ,FORD
841,NASDAQ,NMRX
413,NASDAQ,IBTX
769,NASDAQ,ICFI
630,NYSE,HXM
515,NASDAQ,STEM
523,NYSE,BKD
322,NASDAQ,CTIB
515,NASDAQ,MNKD
113,NASDAQ,MEOH
133,AMEX,RVM
411,AMEX,TMP
427,NYSE,BGY
419,NASDAQ,MLVF
610,NYSE,TXT
413,NASDAQ,NBTF
852,NASDAQ,DRIV
440,NYSE,NLY
333,NYSE,ALV
445,NYSE,EQR
826,NYSE,TSS
324,NYSE,GLT
422,AMEX,CET
311,NASDAQ,AMWD
134,AMEX,BRD
112,NYSE,MOS
833,NASDAQ,OVTI
775,NYSE,TEU
113,NYSE,VAL
311,NYSE,ETH
413,NYSE,BXS
333,NYSE,ZX
852,NASDAQ,NTES
611,NYSE,TDG
424,NASDAQ,CACC
757,NASDAQ,SPTN
425,NYSE,HYT
411,NASDAQ,ORIT
448,NASDAQ,MAYS
611,NYSE,DGI
112,NYSE,IPI
512,NASDAQ,CPRX
521,NYSE,CRY
416,NASDAQ,BSRR
442,NYSE,NHI
833,NASDAQ,CAMT
515,NASDAQ,CYCC
622,NASDAQ,CVV
620,NASDAQ,CMCO
826,NASDAQ,ASUR
624,NYSE,TKR
521,NASDAQ,VSCI
515,AMEX,INO
727,NYSE,MNI
815,NASDAQ,RDCM
121,NASDAQ,MCEP
712,NASDAQ,TAST
912,NYSE,LG
311,NYSE,SPB
121,NYSE,LPI
621,NASDAQ,SNHY
824,NYSE,WIT
122,NASDAQ,SZYM
441,NYSE,COR
852,NYSE,GIB
621,NYSE,WTS
715,NYSE,SEAS
422,AMEX,RCG
323,NYSE,UN
342,NASDAQ,SNAK
824,NASDAQ,VNET
122,NASDAQ,CLMT
443,NYSE,AHT
711,NYSE,MCS
341,NASDAQ,OINK
611,NASDAQ,SWHC
722,NYSE,IMAX
911,NYSE,PNW
841,NASDAQ,ARRS
775,NYSE,FRO
426,NYSE,DNY
822,NASDAQ,CIMT
445,NYSE,PPS
112,NYSE,POT
441,NYSE,PDM
446,NYSE,EPR
123,NASDAQ,PTEN
121,NYSE,SGY
520,NASDAQ,XRAY
710,NYSE,RLH
913,NYSE,UTL
342,NASDAQ,DMND
775,NYSE,TNP
120,NYSE,YPF
850,NYSE,QIHU
525,NASDAQ,TEAR
766,NYSE,GPX
414,NASDAQ,MBFI
821,NYSE,FICO
762,NASDAQ,CNYD
815,NASDAQ,TACT
826,NASDAQ,EBIX
852,NASDAQ,LONG
522,NYSE,WLP
627,NYSE,NJ
820,NASDAQ,ATVI
524,NYSE,THC
423,NYSE,SBR
134,NYSE,SA
521,NYSE,ZMH
422,NYSE,OZM
432,NYSE,ALL
836,NYSE,ETN
836,NASDAQ,AEIS
712,NASDAQ,FRGI
833,NYSE,EXAR
846,NASDAQ,IGLD
826,NASDAQ,MSTR
343,NYSE,LUK
121,NASDAQ,ISRL
776,NYSE,GSH
515,NASDAQ,ORMP
120,NYSE,CVX
515,NASDAQ,HPTX
432,NYSE,SLF
441,NYSE,MPG
837,NASDAQ,GEOS
844,NYSE,BCE
769,NASDAQ,STAN
826,NASDAQ,NTCT
721,NASDAQ,ISIG
324,NYSE,XRM
774,NASDAQ,ODFL
415,NASDAQ,QCRH
333,NYSE,MLR
522,NYSE,MOH
449,NYSE,CTC
775,NASDAQ,VLCCF
630,NYSE,MHO
342,NASDAQ,SENEB
521,NASDAQ,SSH
416,NASDAQ,HAFC
515,NASDAQ,AVEO
731,NYSE,BSI
775,NASDAQ,ESEA
413,NASDAQ,PFBI
826,NASDAQ,BPHX
625,NASDAQ,LECO
824,NYSE,EPAM
630,NYSE,NVR
133,NYSE,HBM
320,NYSE,UA
776,NYSE,WAB
121,NASDAQ,AXAS
824,NASDAQ,DRCO
774,NASDAQ,USAK
133,AMEX,AXU
526,NYSE,CHE
446,NYSE,GTY
121,NASDAQ,GPOR
341,NASDAQ,LMNR
822,NYSE,VMW
711,NASDAQ,MNTG
735,NYSE,GME
420,NYSE,JMP
343,NYSE,HRL
723,NASDAQ,CETV
515,NASDAQ,ZIOP
720,NYSE,IPG
846,NASDAQ,IRDM
824,NASDAQ,IGTE
411,NASDAQ,HBNC
913,NYSE,CORR
134,AMEX,SAND
753,NASDAQ,RELL
760,NYSE,LPS
824,NYSE,CBR
422,AMEX,EVV
760,NYSE,FLT
625,NYSE,TTC
411,NASDAQ,BPFH
766,NYSE,WPO
622,NYSE,HON
851,NASDAQ,LOOK
515,NASDAQ,DSCO
739,NASDAQ,GAIA
121,NYSE,SU
123,AMEX,SOQ
413,NASDAQ,SOCB
419,NASDAQ,OCFC
775,NASDAQ,FREE
410,NYSE,FRC
836,NASDAQ,WIRE
419,NASDAQ,FFBH
440,NYSE,STWD
836,AMEX,OESX
411,NYSE,CBU
426,NYSE,GAB
724,NASDAQ,ROIAK
820,NASDAQ,AVID
837,NASDAQ,FLDM
841,NASDAQ,CMTL
416,NASDAQ,BBNK
721,NYSE,MM
521,NASDAQ,ABMD
826,NASDAQ,PERI
430,NASDAQ,KCLI
520,AMEX,DXR
723,NYSE,TV
821,NYSE,SAP
419,NASDAQ,SMPL
333,NASDAQ,IEP
760,NYSE,CGX
522,NASDAQ,ESRX
723,NASDAQ,LMCA
425,NYSE,NAD
714,NASDAQ,AERL
515,NASDAQ,VICL
422,NASDAQ,DHIL
333,NYSE,LEA
416,NASDAQ,CWBC
520,NASDAQ,UNIS
321,NYSE,FL
841,NASDAQ,ENVI
731,NYSE,DDS
627,AMEX,ZBB
630,NYSE,LEN
445,NYSE,AEC
729,NYSE,PSO
419,NASDAQ,SMBC
610,NYSE,RTN
774,NASDAQ,PTSI
113,NASDAQ,TORM
446,NYSE,GRT
852,NASDAQ,BVSN
411,NASDAQ,OSHC
121,NYSE,JONE
110,NASDAQ,MEIL
315,NASDAQ,JAKK
833,NASDAQ,XLNX
725,NASDAQ,DISH
821,NASDAQ,TIGR
121,NYSE,SDT
342,NYSE,INGR
350,AMEX,BTI
512,NASDAQ,AKRX
414,NASDAQ,FFNM
525,NASDAQ,TSRX
440,NYSE,NCT
121,NYSE,EOG
425,NYSE,MUH
419,NASDAQ,FCLF
348,NYSE,CCE
744,NYSE,PAG
121,NASDAQ,DBLE
611,NASDAQ,TASR
125,NYSE,SE
426,AMEX,RIF
447,NYSE,KFN
121,NYSE,MRO
520,NASDAQ,UTMD
411,NASDAQ,SSFN
755,NASDAQ,WSTG
440,NASDAQ,CONE
420,NYSE,FXCM
833,NASDAQ,SUPX
712,NYSE,DPZ
845,NASDAQ,IPAS
432,NYSE,CLGX
133,AMEX,PLM
521,NASDAQ,DYNT
726,NYSE,RGC
418,NYSE,BCH
123,NYSE,HP
123,NYSE,CVE
734,NYSE,DEG
627,NASDAQ,ULBI
773,NASDAQ,ATSG
510,AMEX,AXN
844,NYSE,CTL
421,NYSE,OPY
724,NASDAQ,SALM
133,AMEX,UEC
734,NASDAQ,QKLS
135,NYSE,HL
419,NASDAQ,BCSB
133,NYSE,MUX
432,NYSE,AFG
826,NASDAQ,TSRI
415,NASDAQ,FFIN
740,NASDAQ,SPCHB
760,NASDAQ,UEPS
425,NYSE,WIA
624,AMEX,CVR
121,NYSE,TLM
714,NASDAQ,MGAM
416,NASDAQ,FFNW
418,NYSE,HDB
840,NASDAQ,UTSI
524,NASDAQ,AMSG
432,NASDAQ,AFH
776,NASDAQ,RAIL
627,NASDAQ,ZOLT
820,NASDAQ,PWRD
423,NYSE,NYX
753,AMEX,UPG
625,NYSE,SNA
123,NYSE,PSE
411,NASDAQ,FRBK
622,NYSE,GNRC
912,NASDAQ,DGAS
762,NASDAQ,STEI
742,NYSE,TIF
419,NASDAQ,FFCO
347,NYSE,DEO
769,NYSE,WAGE
510,NASDAQ,GWPH
432,NASDAQ,ESGR
634,NYSE,PGEM
775,NASDAQ,CPLP
520,NASDAQ,IMRS
832,NASDAQ,SLAB
422,NASDAQ,MCGC
113,NYSE,KRA
313,NYSE,KNL
622,NASDAQ,ADEP
343,NASDAQ,PPC
426,NYSE,ETY
511,NASDAQ,DRRX
324,NASDAQ,MERC
764,NASDAQ,HSII
626,NASDAQ,HIHO
523,NYSE,FVE
841,AMEX,WTT
770,NYSE,AIR
348,NYSE,DPS
426,NYSE,RVT
515,NASDAQ,XNPT
443,NYSE,BEE
113,NASDAQ,WDFC
426,NYSE,SPE
412,NASDAQ,BNCN
912,NYSE,ATO
332,NYSE,DW
110,NASDAQ,ACET
611,AMEX,BZC
822,NYSE,MIXT
822,NASDAQ,ICAD
516,NASDAQ,ABAX
133,AMEX,REE
422,NYSE,APAM
515,NASDAQ,TGTX
834,NYSE,MXL
332,NYSE,HOG
827,NYSE,NLSN
449,NASDAQ,HGSH
826,NASDAQ,CALD
130,NASDAQ,STLD
314,NASDAQ,DAKT
774,NASDAQ,ABFS
775,NYSE,CMRE
426,NYSE,SOR
851,NASDAQ,LOCM
415,NASDAQ,OKSB
323,NYSE,UL
132,NYSE,NOR
515,NASDAQ,LXRX
624,NASDAQ,NNBR
515,NASDAQ,PSTI
332,NASDAQ,ACAT
631,NYSE,SKY
431,NYSE,AIZ
414,NASDAQ,PEBO
514,NASDAQ,LFVN
911,NYSE,XEL
521,NASDAQ,EDAP
844,NASDAQ,CNSL
125,NYSE,EEP
133,NYSE,CLF
113,NYSE,CYT
422,NASDAQ,GROW
730,NASDAQ,DEST
521,NASDAQ,ZLTQ
424,NYSE,TCAP
760,NYSE,ABM
730,NYSE,KSS
813,NASDAQ,OVRL
764,NASDAQ,JOBS
821,NASDAQ,ACCL
745,NASDAQ,FIVE
611,NYSE,TGI
513,NYSE,HSP
815,NASDAQ,EFII
412,NASDAQ,MBRG
627,NASDAQ,BLDP
912,NYSE,TGS
121,NASDAQ,CXPO
124,NYSE,HLX
750,NYSE,GPC
914,NYSE,AWR
525,AMEX,ONVO
121,NYSE,VOC
511,NASDAQ,ISIS
833,NASDAQ,VLTR
322,AMEX,CMT
723,NYSE,CBS
333,NASDAQ,MPAA
522,NYSE,WCG
521,NASDAQ,SPAN
521,NASDAQ,ARTC
327,NYSE,EBF
133,NYSE,ANR
434,NASDAQ,EHTH
326,NYSE,PBH
446,NYSE,BFS
125,NYSE,MPLX
445,NYSE,OAKS
728,NASDAQ,MNDL
422,NASDAQ,BKCC
732,NASDAQ,PSMT
425,NYSE,NQC
826,NASDAQ,PACT
325,NYSE,TUP
419,NASDAQ,JFBI
440,NYSE,PSB
712,NASDAQ,IRG
760,NASDAQ,CIDM
410,NASDAQ,FBNK
123,NASDAQ,PSTR
763,AMEX,LOV
841,NASDAQ,CLRO
851,NYSE,BITA
441,NYSE,KRC
821,NASDAQ,MKTG
760,NYSE,DLX
133,AMEX,TAS
133,NYSE,BHP
821,NASDAQ,LOGM
124,NYSE,OII
412,NASDAQ,YDKN
712,NASDAQ,COSI
821,NASDAQ,NUAN
123,AMEX,TAT
637,NASDAQ,ECOL
611,NASDAQ,ASTC
833,AMEX,API
419,NASDAQ,RVSB
515,NASDAQ,CEMP
411,NASDAQ,EMCF
432,NASDAQ,CINF
760,NYSE,WEX
821,NYSE,ORCL
424,NASDAQ,QIWI
820,NASDAQ,TTWO
820,NASDAQ,GIGM
830,NASDAQ,FORM
348,NASDAQ,COKE
627,NASDAQ,AETI
730,NYSE,TLYS
832,NASDAQ,HSOL
333,NASDAQ,REMY
124,NYSE,FTI
734,NASDAQ,IMKTA
125,NASDAQ,BKEP
824,NASDAQ,EPIQ
444,NYSE,MNR
121,NYSE,BCEI
631,NASDAQ,CVCO
520,NASDAQ,ICUI
521,NASDAQ,MGCD
815,NASDAQ,OLED
515,NASDAQ,CORT
821,NYSE,IMPV
125,NYSE,WES
443,NYSE,DRH
826,NASDAQ,AZPN
311,NASDAQ,BSET
416,NASDAQ,BMRC
121,NASDAQ,PDCE
821,NASDAQ,MITK
776,NASDAQ,PWX
834,NYSE,UMC
832,NASDAQ,GTAT
440,NYSE,SRC
824,NYSE,ISS
515,NASDAQ,VVUS
122,NYSE,FGP
775,NASDAQ,NEWL
321,NYSE,SKX
769,NASDAQ,TMNG
837,NASDAQ,HURC
422,NASDAQ,HCAP
414,NASDAQ,MCBK
611,NYSE,HII
124,NYSE,NGS
775,NYSE,KNOP
821,NASDAQ,SNCR
313,NYSE,HNI
745,NYSE,VSI
730,NASDAQ,CTRN
722,NASDAQ,KUTV
415,NYSE,PB
841,NASDAQ,ALLT
432,NYSE,MTG
846,NYSE,PGI
730,NASDAQ,WTSL
422,NASDAQ,FBRC
833,NASDAQ,MOSY
121,NASDAQ,CRZO
414,NASDAQ,TOFC
342,NASDAQ,BDBD
510,AMEX,AMPE
630,NYSE,GFA
445,NYSE,NRZ
411,NASDAQ,MSBF
210,NASDAQ,HMTV
634,NASDAQ,PGTI
411,NASDAQ,SUSQ
121,NASDAQ,MPET
124,NYSE,TLLP
120,NYSE,TOT
441,NASDAQ,GYRO
445,NYSE,DX
766,NASDAQ,CECO
333,NYSE,PLOW
415,NASDAQ,UMBF
110,NYSE,EMN
515,NASDAQ,OXBT
510,NASDAQ,RMTI
851,NASDAQ,SYNC
342,NYSE,CAG
834,NASDAQ,LRCX
627,NASDAQ,POWL
515,AMEX,BONE
432,NASDAQ,NATL
712,NASDAQ,NATH
851,NYSE,INXN
448,AMEX,NEN
325,NYSE,SON
113,NYSE,OMN
515,AMEX,PBTH
419,NASDAQ,ANCB
418,NYSE,DB
515,NASDAQ,SGMO
123,AMEX,SSN
836,AMEX,ESP
412,NYSE,BKU
627,NASDAQ,PLPC
711,NYSE,MTN
913,NYSE,WR
125,NYSE,ETE
627,NASDAQ,GAI
445,NYSE,RESI
411,NASDAQ,PEOP
343,NASDAQ,BRID
773,NASDAQ,FWRD
730,NYSE,ANN
123,NYSE,SDLP
419,NASDAQ,EBTC
768,NASDAQ,MYGN
449,NYSE,MLP
775,NASDAQ,RLOG
832,NASDAQ,AOSL
342,NASDAQ,GMCR
123,NYSE,DO
513,NYSE,ELN
134,AMEX,SVLC
425,NYSE,HYV
411,NASDAQ,SUBK
447,NASDAQ,TREE
324,NYSE,CLW
333,NASDAQ,STRT
133,NYSE,SLT
440,NYSE,ACRE
824,NYSE,NCR
732,NASDAQ,ALCS
426,NYSE,MCC
521,AMEX,NSPR
440,NASDAQ,WHLR
623,NASDAQ,FTEK
425,NASDAQ,TICC
412,NASDAQ,TBBK
835,NYSE,BHE
637,NYSE,CVA
836,NYSE,MEI
851,NASDAQ,MOVE
121,AMEX,CAK
412,NASDAQ,CNOB
734,NYSE,SUSS
346,NYSE,CCU
419,NASDAQ,HFBC
845,NYSE,CHA
121,NYSE,OAS
444,AMEX,PCC
121,NYSE,SWN
744,NYSE,GPI
411,NASDAQ,NBTB
851,NYSE,YELP
762,NYSE,SCI
913,NASDAQ,OPTT
440,NYSE,CCG
425,NYSE,FDI
423,NASDAQ,SLRC
841,NASDAQ,CIEN
721,AMEX,INUV
430,NYSE,MET
844,NASDAQ,ATNI
826,NASDAQ,KONE
834,NASDAQ,UTEK
320,NYSE,VFC
714,NYSE,BYI
840,NASDAQ,IDCC
752,NASDAQ,DXPE
311,NASDAQ,FLXS
121,NYSE,DVN
776,NYSE,TRN
411,NASDAQ,ORRF
830,NASDAQ,MXIM
844,NASDAQ,FTR
852,NASDAQ,INOD
753,NYSE,WSO
323,NASDAQ,UG
515,NASDAQ,TRGT
515,NASDAQ,BSTC
914,NASDAQ,MSEX
826,NYSE,EVTC
837,NASDAQ,MEAD
412,NASDAQ,FUBC
346,NYSE,BUD
515,NYSE,CRL
525,NYSE,WAT
620,NYSE,LNN
411,NASDAQ,MGYR
325,NASDAQ,CPGI
712,NYSE,RT
515,NASDAQ,QCOR
767,NYSE,CACI
443,NYSE,RHP
422,NASDAQ,PSEC
740,NASDAQ,DOVR
510,NYSE,NVS
630,NYSE,MTH
432,NYSE,MIG
755,NYSE,IM
821,AMEX,FU
414,NASDAQ,MCBC
837,NASDAQ,LUNA
764,NASDAQ,KFRC
912,AMEX,EGAS
134,NYSE,AEM
822,NASDAQ,ATTU
422,NYSE,PFG
132,NASDAQ,CENX
425,NYSE,BBF
443,NYSE,LHO
124,NYSE,HOS
769,NASDAQ,RECN
446,NYSE,SPG
411,NASDAQ,TRST
121,NASDAQ,WRES
333,NYSE,SUP
771,NYSE,ALK
521,NASDAQ,GNMK
515,NASDAQ,ESPR
422,NYSE,PZN
844,NASDAQ,CALL
432,NASDAQ,IPCC
515,NASDAQ,CYAN
630,NASDAQ,AVHI
422,AMEX,NZH
510,NYSE,BMY
729,NASDAQ,SCHL
521,NYSE,MSA
711,NASDAQ,LACO
122,NYSE,ALDW
322,NASDAQ,DSWL
333,NASDAQ,MNRO
911,NYSE,BKH
419,NASDAQ,RIVR
526,NASDAQ,ADUS
414,NASDAQ,TAYC
123,NYSE,RDC
841,NASDAQ,NTGR
133,AMEX,CDY
515,NASDAQ,CLSN
764,NYSE,TBI
760,NASDAQ,CTAS
622,NYSE,RXN
121,NYSE,GNE
516,NASDAQ,NEOG
511,NASDAQ,SCMP
812,NASDAQ,RSYS
837,NASDAQ,FARO
419,NASDAQ,GTWN
766,NASDAQ,EDMC
521,NASDAQ,NUVA
124,NYSE,NOA
611,NASDAQ,EAC
528,NASDAQ,AIRM
134,AMEX,TLR
424,NASDAQ,HAWK
826,AMEX,COVR
425,NYSE,HIS
851,NASDAQ,MARK
121,NYSE,OXY
427,NYSE,RNE
445,NYSE,SBY
628,NYSE,AIN
326,NASDAQ,OBCI
425,NYSE,MYJ
520,NYSE,HRC
833,NASDAQ,INTT
712,NASDAQ,PZZI
728,NYSE,TRI
413,NYSE,RF
830,NASDAQ,INTC
440,NYSE,UMH
520,NASDAQ,DSCI
739,NASDAQ,PCCC
424,NYSE,IX
515,AMEX,CVM
625,NASDAQ,PFIN
515,NASDAQ,CNAT
112,NYSE,UAN
125,NYSE,SXL
760,NASDAQ,PCLN
330,NYSE,F
513,NASDAQ,ACUR
824,NASDAQ,WIFI
760,NASDAQ,LIOX
421,NYSE,RJF
821,NASDAQ,AMAP
427,NYSE,LDF
627,NASDAQ,CCIX
425,AMEX,BCV
134,AMEX,VGZ
422,NASDAQ,FNGN
771,NASDAQ,RJET
333,NYSE,BWA
712,NASDAQ,BAGR
767,NYSE,ACM
136,AMEX,MDM
432,NYSE,PRA
510,NASDAQ,IPXL
342,NASDAQ,MGPI
412,NASDAQ,FCBC
712,NASDAQ,JACK
761,NYSE,AER
130,NYSE,MTL
312,NYSE,CLX
413,NASDAQ,USBI
136,AMEX,CHGS
826,NASDAQ,PKT
724,NYSE,ETM
121,NYSE,APA
734,NASDAQ,VLGEA
720,AMEX,IDI
419,NASDAQ,HFFC
325,NASDAQ,NTIC
635,NYSE,DY
441,NYSE,BXP
836,NASDAQ,JST
425,NYSE,MQY
314,NASDAQ,UEIC
830,NYSE,STM
742,NYSE,SIG
515,NYSE,XON
513,NASDAQ,DCTH
130,NYSE,CMC
113,NYSE,GRA
432,NYSE,ASI
745,NASDAQ,SPLS
832,NASDAQ,JASO
425,NYSE,JTP
122,NYSE,VLO
123,NYSE,ESV
625,NASDAQ,EML
426,NYSE,JTD
826,NYSE,DST
760,NASDAQ,TTEC
419,NASDAQ,FFIC
425,NYSE,BQH
634,NASDAQ,USLM
635,AMEX,GV
132,NYSE,AA
739,NASDAQ,OSTK
449,NYSE,TPL
837,NASDAQ,CYBE
121,NYSE,CRK
611,NYSE,LLL
913,NYSE,NU
520,NASDAQ,MMSI
432,NYSE,CB
622,NASDAQ,PSIX
340,NASDAQ,SAFM
423,NYSE,PVD
123,NYSE,HGT
410,NYSE,TCB
521,NASDAQ,DHRM
133,AMEX,PZG
739,NASDAQ,EBAY
761,NYSE,R
759,NASDAQ,USTR
821,NASDAQ,SMSI
425,NYSE,EVF
424,NASDAQ,XOOM
769,NYSE,HIL
515,NASDAQ,SRPT
317,NYSE,BC
321,NASDAQ,DECK
623,NYSE,DCI
112,NYSE,CGA
739,NASDAQ,VVTV
341,NYSE,CQB
432,NYSE,MBI
636,NASDAQ,IESC
121,NYSE,MTDR
826,NYSE,N
411,NASDAQ,SNBC
422,NYSE,EVR
421,NASDAQ,PLMT
913,NYSE,MDU
522,NYSE,AET
419,NASDAQ,PULB
842,NASDAQ,OTIV
515,NASDAQ,INCY
134,NYSE,DRD
430,NYSE,PL
524,NASDAQ,USMD
750,NASDAQ,LKQ
745,NYSE,BKS
712,NASDAQ,CBRL
121,NYSE,XEC
414,NASDAQ,PVTB
425,NYSE,MAV
846,NYSE,CCI
417,NYSE,BCS
912,NYSE,SMLP
131,NYSE,FCX
515,NASDAQ,XOMA
410,NASDAQ,STBZ
769,NYSE,CXW
731,NYSE,WMT
447,NYSE,AI
515,NASDAQ,LGND
730,NYSE,LUX
520,NASDAQ,NSPH
412,NASDAQ,FISI
626,NYSE,CRS
637,NASDAQ,CWST
440,NYSE,RYN
755,AMEX,SED
512,NASDAQ,WCRX
121,NYSE,LRE
324,NYSE,SPP
851,NASDAQ,TST
432,NYSE,HCC
837,NASDAQ,STRN
411,NASDAQ,LBAI
411,NASDAQ,WASH
520,NASDAQ,BIOL
913,NYSE,CHC
834,NASDAQ,VECO
824,NASDAQ,UBIC
834,NYSE,ASX
775,NYSE,TNK
333,NASDAQ,THRM
515,AMEX,FCSC
121,NYSE,PHX
611,AMEX,CVU
422,NYSE,ASA
515,NASDAQ,OPTR
320,NASDAQ,COLM
760,NASDAQ,HCSG
912,NYSE,NGG
511,NASDAQ,AMRN
525,NASDAQ,HSKA
515,NASDAQ,VRTX
432,NASDAQ,HALL
515,NASDAQ,LPTN
321,NASDAQ,VRA
734,NYSE,SVU
413,NASDAQ,IBKC
422,AMEX,BLE
412,NASDAQ,SBCF
123,NYSE,ATW
425,NYSE,GIM
634,NYSE,HSC
130,NYSE,SID
775,NYSE,NMM
630,NYSE,KBH
515,NASDAQ,SNSS
419,NASDAQ,LSBI
511,NYSE,FRX
424,NYSE,AXP
447,NASDAQ,HLSS
324,NYSE,VRS
731,NYSE,SKS
772,NYSE,PAC
611,NASDAQ,ISSC
710,NYSE,CHH
419,NASDAQ,NASB
821,NYSE,PRO
830,NYSE,LDK
522,NYSE,CI
766,NYSE,LRN
433,NYSE,FNF
424,NASDAQ,FSC
413,NASDAQ,CBF
634,NYSE,NX
314,AMEX,MSN
521,NASDAQ,MDCI
415,NYSE,CFR
775,NYSE,SSW
121,AMEX,DEJ
446,NYSE,EQY
421,NYSE,GHL
710,NASDAQ,EXPE
415,NASDAQ,GFED
521,NASDAQ,DRAD
426,NYSE,USA
634,NASDAQ,STCK
815,AMEX,MCZ
515,NASDAQ,TROV
712,NASDAQ,JMBA
821,NASDAQ,RP
325,NASDAQ,FFHL
411,NASDAQ,HBNK
432,NASDAQ,NAVG
766,NASDAQ,APOL
763,NASDAQ,STB
419,NASDAQ,COLB
420,NASDAQ,CME
411,NASDAQ,NWFL
430,NYSE,AV
851,NASDAQ,YHOO
419,AMEX,BKJ
418,NYSE,BFR
725,NASDAQ,LBTYA
851,NYSE,AOL
321,NASDAQ,ICON
740,NYSE,DKS
136,NASDAQ,AHGP
419,NASDAQ,CBNK
445,NASDAQ,NYMT
133,AMEX,QMM
510,NASDAQ,SIGA
425,NYSE,BKN
512,NYSE,ZTS
626,NYSE,TS
837,NASDAQ,GSIG
712,NASDAQ,DAVE
449,NYSE,BRP
851,NASDAQ,PRSS
912,NYSE,OKE
622,NYSE,MY
133,NYSE,BTU
826,NASDAQ,TIBX
521,NASDAQ,STXS
124,NYSE,HAL
515,NASDAQ,MDVN
824,NYSE,NOW
752,NASDAQ,BECN
510,NASDAQ,NBIX
411,NASDAQ,SAL
840,NYSE,CHL
627,NYSE,JKS
125,NASDAQ,MMLP
767,NASDAQ,VSEC
133,AMEX,DNN
440,NYSE,EXL
712,NASDAQ,PZZA
730,NYSE,CHS
426,NYSE,HQL
841,NASDAQ,IFON
911,NYSE,UIL
830,NYSE,IPHI
432,NASDAQ,SIGI
120,NYSE,EQM
821,NYSE,ELLI
846,NASDAQ,BCOM
444,NYSE,STAG
210,NASDAQ,PACQ
732,NYSE,DG
846,NYSE,OIBR
514,NYSE,USNA
836,NASDAQ,DAIO
425,NYSE,NQM
313,NASDAQ,VIRC
123,NYSE,SD
824,NASDAQ,MNDO
911,NYSE,FE
911,NYSE,CNL
323,NASDAQ,NUTR
419,NASDAQ,LABC
745,NASDAQ,BAMM
521,NASDAQ,CYBX
122,NYSE,ACMP
511,NYSE,NVO
823,NYSE,IL
448,NYSE,TRC
320,NASDAQ,GIII
424,NYSE,WU
769,NYSE,AH
423,NYSE,MTR
433,NASDAQ,ITIC
110,NYSE,FF
210,NASDAQ,ACRX
755,NASDAQ,PRLS
912,NYSE,WGL
422,NYSE,JNS
723,NASDAQ,NXST
515,NASDAQ,REGN
822,NASDAQ,EVOL
135,NYSE,AG
121,NYSE,EEQ
634,NYSE,NCS
911,NYSE,IDA
766,NYSE,ESI
837,NASDAQ,MTSC
824,NYSE,CIS
846,AMEX,STRP
412,NASDAQ,OPOF
821,NASDAQ,GUID
121,NYSE,LPR
432,NYSE,MCY
445,NYSE,AIV
515,NASDAQ,EPZM
412,NASDAQ,UBSH
130,NASDAQ,OSN
743,NASDAQ,TWMC
426,NYSE,DDF
413,NYSE,FNB
124,NYSE,CGG
825,NASDAQ,MDAS
413,NYSE,FHN
834,AMEX,TRT
321,NASDAQ,TLF
773,NASDAQ,AIRT
347,AMEX,ROX
425,NYSE,CMU
419,NASDAQ,GCBC
520,NASDAQ,BAXS
841,NASDAQ,RITT
419,NASDAQ,ESBF
634,NASDAQ,APOG
851,NASDAQ,MBIS
846,NYSE,I
823,NASDAQ,MANT
510,NASDAQ,RIGL
123,NYSE,PACD
826,NASDAQ,CTXS
432,NYSE,PRE
913,NASDAQ,OTTR
611,NASDAQ,FLIR
411,NASDAQ,CUBI
720,NASDAQ,RLOC
515,NASDAQ,VSTM
627,NASDAQ,OSIS
440,NYSE,PSA
346,NYSE,SAM
412,NASDAQ,CHCO
124,NASDAQ,ZN
825,NASDAQ,MRGE
758,NASDAQ,FSTR
836,NASDAQ,CTRL
833,NYSE,ARX
440,NYSE,ARI
520,NYSE,CMN
815,NASDAQ,XPLR
327,NYSE,SR
814,NASDAQ,ELON
342,NYSE,MKC
515,NASDAQ,MACK
110,NYSE,FMC
125,NYSE,NRGY
134,NYSE,AUQ
833,NASDAQ,DSPG
523,NASDAQ,DVCR
448,NYSE,JLL
846,NYSE,S
745,NASDAQ,TSCO
412,NASDAQ,NKSH
769,NASDAQ,III
846,NASDAQ,ORBC
515,NASDAQ,ACOR
831,NYSE,CODE
750,NASDAQ,CVGI
820,NASDAQ,CYOU
416,NASDAQ,PFBC
810,NYSE,HPQ
521,NASDAQ,EXAC
723,NASDAQ,CTCM
769,NASDAQ,CRAI
520,NASDAQ,OCLS
430,NYSE,GNW
412,NASDAQ,SHBI
311,NASDAQ,HOFT
511,NASDAQ,MDCO
130,NASDAQ,IIIN
760,NASDAQ,SCOR
445,NYSE,BRE
432,NYSE,AHL
426,NYSE,JSN
515,NASDAQ,ALXN
130,NASDAQ,NWPX
831,NASDAQ,NLST
841,NASDAQ,SATS
840,NYSE,MBT
424,NASDAQ,MFI
124,NYSE,MDR
130,NASDAQ,SUTR
422,AMEX,MVF
412,NASDAQ,CHFN
510,NASDAQ,PCRX
911,NYSE,TE
440,NYSE,AMT
760,NYSE,CBZ
113,NYSE,IFF
333,NASDAQ,FOXF
121,NYSE,END
330,NYSE,HMC
432,NYSE,VR
814,NYSE,PANW
133,AMEX,AVL
821,NYSE,CRM
413,NASDAQ,FBSS
515,NASDAQ,BLUE
814,NASDAQ,EXTR
764,NYSE,RHI
745,NASDAQ,PERF
515,NASDAQ,SGEN
760,NYSE,VNTV
834,NASDAQ,BTUI
446,NYSE,DDR
121,NASDAQ,TGA
710,NYSE,DRII
622,NYSE,XYL
415,NASDAQ,MCBI
111,NYSE,AXLL
611,AMEX,AIRI
423,NYSE,NRT
422,NASDAQ,REXI
721,NYSE,ARB
133,NYSE,MTRN
520,NYSE,CFN
836,NASDAQ,QBAK
412,NASDAQ,OLBK
851,NASDAQ,IPDN
611,NASDAQ,TATT
773,NASDAQ,UTIW
322,NASDAQ,CXDC
425,NYSE,BHD
815,NASDAQ,MRCY
121,NYSE,EGY
710,NASDAQ,MHGC
132,NASDAQ,KALU
630,NYSE,RYL
841,AMEX,BDR
445,NYSE,SUI
833,NASDAQ,PSMI
425,NYSE,BJZ
844,NASDAQ,ELNK
331,NASDAQ,PCAR
431,NASDAQ,AMIC
821,NASDAQ,VRSN
123,NYSE,ECT
325,NYSE,BMS
628,NYSE,UFI
340,NYSE,ANFI
133,NYSE,RIO
419,NASDAQ,BANR
627,NASDAQ,FELE
133,NYSE,CNX
412,NYSE,SNV
520,NASDAQ,THOR
416,NASDAQ,EWBC
123,NYSE,PWE
726,NASDAQ,RDI
422,NYSE,AB
449,AMEX,NLP
824,NYSE,IBM
837,NYSE,LDR
744,NYSE,KAR
515,NASDAQ,BDSI
621,NASDAQ,NFEC
124,NYSE,GLF
825,NASDAQ,CPSI
821,NYSE,RST
637,NASDAQ,EEI
426,NYSE,GCV
826,NASDAQ,CTSH
122,NYSE,CVI
522,NASDAQ,HIIQ
841,NASDAQ,VSAT
852,NYSE,DMD
766,NYSE,DV
515,NASDAQ,JAZZ
449,NYSE,WD
727,NYSE,JRN
635,NYSE,GVA
715,NYSE,DVD
432,NASDAQ,AMSF
630,NYSE,TPH
413,NASDAQ,RNST
840,NYSE,CEL
775,NYSE,NNA
846,NYSE,TEO
914,NYSE,WTR
627,AMEX,IDN
446,NYSE,UBA
515,NASDAQ,ARRY
515,NASDAQ,GTXI
824,NASDAQ,CTG
333,NYSE,DAN
852,NASDAQ,VOCS
841,NASDAQ,FEIM
448,NYSE,RLGY
840,NYSE,MXT
511,NYSE,AGN
124,NYSE,WH
432,NYSE,XL
739,NASDAQ,AMZN
412,NASDAQ,FUNC
521,NASDAQ,ELOS
911,NYSE,POM
418,NYSE,MFG
852,NASDAQ,QNST
815,NASDAQ,INPH
340,NYSE,PF
515,AMEX,RNN
425,NYSE,PHT
770,NYSE,LCC
711,NYSE,MGM
121,NYSE,HNR
913,NASDAQ,MGEE
528,NASDAQ,HWAY
134,AMEX,GSS
416,NASDAQ,NOVB
814,NASDAQ,PTIX
635,NASDAQ,STRL
768,NASDAQ,BASI
764,NYSE,DHX
813,NASDAQ,XRTX
521,NASDAQ,FONR
121,AMEX,EOX
323,NASDAQ,RDEN
622,NYSE,ROP
515,NASDAQ,GEVA
837,NASDAQ,PRCP
412,NASDAQ,NCBC
413,AMEX,MSL
766,NASDAQ,CEDU
826,NASDAQ,SREV
134,AMEX,LODE
419,NASDAQ,CASH
760,NASDAQ,ASFI
846,AMEX,GLOW
515,NASDAQ,ANAC
766,NASDAQ,SPRO
341,NYSE,AGRO
851,NASDAQ,GOOG
426,NYSE,BGR
832,NASDAQ,CRUS
520,AMEX,ERB
772,NYSE,ERA
833,NASDAQ,SMTC
425,NYSE,EVG
521,NASDAQ,CSII
511,AMEX,LCI
133,AMEX,URG
733,NYSE,PMC
626,AMEX,SIF
133,AMEX,AUMN
416,NASDAQ,FSBW
422,NASDAQ,CIFC
515,NASDAQ,NWBO
124,NYSE,SPN
515,NASDAQ,CRTX
513,NASDAQ,IPCI
622,NYSE,GGG
422,AMEX,BPS
133,AMEX,UAMY
734,NASDAQ,WFM
130,NASDAQ,CHOP
416,NASDAQ,PPBI
432,NYSE,RNR
515,NASDAQ,IMGN
348,AMEX,REED
314,NASDAQ,SGOC
611,NYSE,LMT
524,NASDAQ,LPNT
121,AMEX,TPLM
448,NYSE,RSE
418,NYSE,BBDO
822,AMEX,INS
620,NYSE,TEX
760,NYSE,MMS
125,NYSE,NGLS
775,NYSE,DAC
424,NYSE,CIT
724,NASDAQ,BBGI
135,NYSE,FSM
113,AMEX,FSI
422,NYSE,EV
121,NYSE,WPX
820,NASDAQ,CMGE
134,NYSE,FNV
611,NASDAQ,LMIA
813,NASDAQ,STEC
622,NASDAQ,TECUA
121,NYSE,MILL
745,NASDAQ,ZUMZ
510,NASDAQ,TNXP
745,NYSE,BWS
412,NASDAQ,BVA
833,NASDAQ,PSEM
730,NYSE,GPS
411,NASDAQ,CIZN
912,NYSE,TEG
774,NYSE,CNW
340,NYSE,BNNY
342,NYSE,GIS
734,NYSE,KR
448,NASDAQ,APSA
510,NASDAQ,KYTH
112,NYSE,SMG
760,NYSE,QUAD
515,NASDAQ,ECYT
846,NASDAQ,GOGO
424,NYSE,FMD
715,NYSE,LTM
830,NASDAQ,MTSI
834,NASDAQ,RBCN
760,NYSE,EXAM
730,NASDAQ,ASNA
833,NASDAQ,BRCM
515,NASDAQ,DRTX
821,NASDAQ,FALC
413,NASDAQ,FRNK
823,NASDAQ,VDSI
611,NASDAQ,ATRO
414,NASDAQ,CHFC
515,NASDAQ,SNTS
130,NYSE,NUE
515,NASDAQ,IDIX
441,NYSE,CLI
342,NASDAQ,JVA
731,NASDAQ,BONT
422,NASDAQ,SUNS
423,NASDAQ,KCAP
121,NYSE,KOS
832,NASDAQ,CEVA
510,NYSE,JNJ
846,NYSE,BT
445,NYSE,HME
760,NASDAQ,OMEX
422,NYSE,KKR
426,NYSE,ETV
325,NYSE,MWV
634,NASDAQ,CSTE
730,NYSE,AEO
135,AMEX,MVG
419,NASDAQ,ISBC
419,NASDAQ,WAFD
745,NASDAQ,MCOX
333,NYSE,WBC
724,NASDAQ,CMLS
411,NASDAQ,ESBK
520,NASDAQ,LMAT
342,NASDAQ,JBSS
833,NASDAQ,CCMP
911,NYSE,PAM
912,NYSE,NKA
622,NYSE,SI
422,NASDAQ,WETF
441,NYSE,CWH
431,NASDAQ,PICO
760,NASDAQ,PTNT
833,NYSE,INVN
773,NASDAQ,HUBG
210,NASDAQ,PME
515,NASDAQ,PPHM
412,NASDAQ,CART
124,AMEX,SYRG
515,NASDAQ,AMBI
745,NASDAQ,UNTD
320,NASDAQ,PERY
412,NASDAQ,HMPR
912,NYSE,NWN
735,NASDAQ,CONN
446,NYSE,REG
623,NASDAQ,CECE
761,NYSE,GMT
515,NASDAQ,BCRX
622,NASDAQ,RAVN
831,NASDAQ,ISSI
123,NYSE,KEG
321,NASDAQ,EDS
739,NYSE,DANG
833,NYSE,FCS
440,NYSE,MITT
123,NASDAQ,BBEP
765,NASDAQ,ASEI
721,NYSE,CCO
635,NASDAQ,FWLT
774,NASDAQ,LSTR
522,NYSE,CNC
210,NASDAQ,AQU
769,NASDAQ,HURN
622,NYSE,HI
821,NYSE,LXFT
622,NYSE,ITW
411,NASDAQ,MBVT
522,NYSE,UAM
821,NASDAQ,FTNT
637,NYSE,BIN
734,NYSE,NGVC
526,NASDAQ,AMED
733,NYSE,GNC
440,NYSE,DEI
414,NASDAQ,FITB
515,AMEX,CRMD
416,NASDAQ,CACB
123,NYSE,ERF
845,NYSE,NTT
810,NASDAQ,SGI
419,NASDAQ,UCBA
330,NASDAQ,KNDI
837,NYSE,CUB
760,NASDAQ,LPSN
445,NYSE,RSO
133,NYSE,RIOM
911,NYSE,HNP
425,NYSE,EFR
416,NASDAQ,DNBF
515,NASDAQ,INFI
760,NASDAQ,WSTC
134,AMEX,MGH
121,NYSE,ARP
515,NASDAQ,ARQL
125,NYSE,RGP
764,NYSE,TMH
833,NASDAQ,HITT
760,NASDAQ,NEWT
512,NYSE,MNK
730,NASDAQ,SMRT
422,NYSE,BEN
122,NYSE,INT
833,NASDAQ,MCRL
739,NASDAQ,DLIA
341,NYSE,ADM
342,AMEX,ALN
815,NASDAQ,VIDE
330,NYSE,GM
821,NASDAQ,INTU
317,NYSE,MOV
333,NYSE,FSS
333,NYSE,VC
775,NASDAQ,TOPS
911,NYSE,DTE
851,NASDAQ,GRPN
635,NASDAQ,MTRX
851,NYSE,LNKD
712,NYSE,CEC
911,NYSE,ORA
734,NYSE,RNDY
841,NASDAQ,KVHI
442,NYSE,VTR
831,NASDAQ,LEDS
423,NYSE,EQS
824,NASDAQ,ANLY
911,NYSE,SCG
414,NASDAQ,ONB
730,NASDAQ,BEBE
445,NYSE,AMTG
414,NASDAQ,FBMI
716,NYSE,VAC
324,NYSE,SWM
510,NASDAQ,ALIM
740,NYSE,CAB
515,NASDAQ,OHRP
730,NASDAQ,RUE
822,NASDAQ,PDFS
512,NASDAQ,SGNT
626,NASDAQ,PKOH
418,NASDAQ,GGAL
425,NYSE,BNJ
762,NASDAQ,STNR
760,NYSE,CVO
426,AMEX,GLU
833,NYSE,SMI
722,NASDAQ,CMCSA
912,NYSE,SRE
760,NASDAQ,CLCT
775,NYSE,CKH
737,NASDAQ,GMAN
444,NYSE,SSS
515,NASDAQ,ATHX
521,NASDAQ,BABY
765,NYSE,BCO
419,NASDAQ,CFBK
521,NASDAQ,ESMC
419,NASDAQ,BRKL
611,NASDAQ,AVAV
423,NYSE,MVC
851,NASDAQ,YY
121,NYSE,DNR
622,NYSE,LXFR
766,NASDAQ,STRA
410,NASDAQ,UBOH
841,AMEX,RWC
422,AMEX,BLJ
123,AMEX,BXE
411,NYSE,FCF
773,AMEX,CNR
113,NYSE,KOP
348,NASDAQ,MNST
434,NASDAQ,CISG
120,AMEX,IMO
727,NYSE,SSP
425,NYSE,BLW
764,NYSE,CODI
637,NYSE,CLH
515,NASDAQ,EXEL
775,NASDAQ,GLNG
443,NYSE,SHO
320,NYSE,FNP
636,NASDAQ,MYRG
914,NYSE,SJW
125,NYSE,ETP
447,NYSE,IVR
521,NASDAQ,MASI
711,NASDAQ,WYNN
761,AMEX,ACY
843,NASDAQ,OTEL
418,NASDAQ,NBCB
712,NASDAQ,ARKR
914,NYSE,CWT
760,NYSE,SFE
611,NYSE,GD
320,NYSE,UNF
836,NASDAQ,PLNR
422,NYSE,AMG
444,NYSE,REXR
825,NASDAQ,STRM
516,NASDAQ,APPY
727,NYSE,NYT
342,NASDAQ,SENEA
342,NASDAQ,HAIN
767,AMEX,WYY
413,NASDAQ,TRMK
833,NASDAQ,DIOD
333,NASDAQ,FSYS
424,NASDAQ,ATLC
133,NYSE,PVG
520,NASDAQ,ATEC
910,NYSE,CPL
728,NYSE,MSO
345,NYSE,TR
833,NASDAQ,QLGC
521,NYSE,STJ
426,NYSE,HTD
411,NASDAQ,WEBK
765,NYSE,MG
767,NYSE,JEC
731,NASDAQ,SHLD
425,NYSE,BHK
312,AMEX,LBY
821,NASDAQ,SPLK
637,NASDAQ,SMED
320,NYSE,OXM
112,NYSE,MON
322,NYSE,ROG
515,NASDAQ,ENZN
912,NYSE,EQT
419,NASDAQ,CMSB
323,NYSE,NUS
760,NASDAQ,REIS
622,NYSE,CFX
418,NYSE,KB
323,NYSE,BTH
515,NASDAQ,SPPI
422,AMEX,NVX
768,NASDAQ,MAXY
440,NYSE,GPT
766,NASDAQ,APEI
737,NYSE,PIR
913,NYSE,ALE
523,NYSE,KND
739,NASDAQ,LQDT
837,NASDAQ,ZIGO
121,NYSE,BRY
431,NYSE,GTS
515,NASDAQ,ENTA
611,NYSE,XLS
419,NASDAQ,FSGI
111,NYSE,GSE
340,NASDAQ,CRMB
760,NASDAQ,RRD
410,NASDAQ,WBKC
136,NYSE,DDC
734,NASDAQ,PTRY
852,NYSE,TRMR
411,NYSE,WBS
333,NASDAQ,DORM
510,NASDAQ,ZGNX
840,NASDAQ,USMO
774,NASDAQ,SAIA
110,NASDAQ,SHLM
813,NASDAQ,STX
830,NYSE,AUO
333,NYSE,TRW
833,NASDAQ,SCON
834,NASDAQ,OCLR
113,NYSE,FOE
833,NASDAQ,CSUN
732,NASDAQ,COST
515,NASDAQ,VRNM
112,NYSE,CF
635,NYSE,FLR
766,NASDAQ,ATAI
345,NASDAQ,RMCF
834,NASDAQ,IPGP
120,NYSE,ANW
520,NASDAQ,ATRC
431,NYSE,SFG
632,NYSE,WY
515,AMEX,IBIO
347,NYSE,STZ
833,NASDAQ,AMCC
826,NYSE,IRM
837,NYSE,IO
912,NYSE,CPK
511,NASDAQ,MEIP
515,NASDAQ,TTHI
411,NASDAQ,HTBI
412,NASDAQ,AMNB
821,NASDAQ,BV
842,NYSE,PLT
440,NYSE,HASI
767,NASDAQ,ENG
414,NASDAQ,WTFC
814,NASDAQ,DGII
515,NYSE,CBM
120,NYSE,E
425,NYSE,DUC
123,NYSE,PES
419,NASDAQ,IROQ
123,NASDAQ,EVEP
721,NASDAQ,CTCT
820,NASDAQ,GLUU
426,NYSE,RMT
913,AMEX,HTM
348,NASDAQ,SPU
723,NASDAQ,SBGI
133,AMEX,PBM
525,NYSE,PKI
745,NASDAQ,RCII
623,NASDAQ,CLWT
745,NYSE,TA
348,NASDAQ,LBIX
836,AMEX,SLI
739,NASDAQ,CDW
832,NASDAQ,UCTT
414,NASDAQ,GABC
525,NYSE,CVD
446,NYSE,CBL
627,NASDAQ,BNSO
525,NASDAQ,BRLI
515,AMEX,OGEN
815,NASDAQ,INVE
411,NYSE,MTB
852,NASDAQ,INAP
419,NASDAQ,RCKB
815,NASDAQ,SSYS
836,AMEX,DPW
826,NASDAQ,CSGS
712,NYSE,BH
124,NYSE,CJES
135,NYSE,SVM
125,NYSE,SGU
512,NASDAQ,MNTA
419,NASDAQ,CSBK
515,NASDAQ,GALE
412,NASDAQ,HBMD
125,NASDAQ,FISH
441,NYSE,OFC
711,NASDAQ,ISLE
830,NASDAQ,TXN
411,NASDAQ,PKBK
525,NYSE,TMO
841,NASDAQ,JCS
446,NASDAQ,TSRE
525,NASDAQ,RDNT
762,NYSE,HRB
440,NYSE,ABR
447,AMEX,IFMI
611,NYSE,CW
419,NASDAQ,BYFC
826,NASDAQ,VELT
830,NYSE,NPTN
820,NYSE,GA
621,NYSE,CIR
821,NASDAQ,MCRS
121,NYSE,EGN
722,NYSE,DIS
913,NYSE,NRG
744,NYSE,AN
767,NASDAQ,ACFN
754,NASDAQ,CHDX
737,NYSE,HVT
330,NYSE,TM
520,NASDAQ,HTWR
852,NASDAQ,ULTI
134,NASDAQ,RGLD
341,NYSE,BG
210,NASDAQ,ANDA
418,NYSE,BBVA
442,NYSE,HTA
821,NASDAQ,SOFO
912,NYSE,APU
413,NYSE,EVER
419,NASDAQ,CAFI
125,NYSE,APL
730,NASDAQ,ROST
636,NYSE,FIX
516,NASDAQ,IDXX
836,NYSE,AYI
134,AMEX,THM
911,NYSE,CPN
626,NYSE,AZZ
630,NYSE,XIN
422,NYSE,IVZ
637,NASDAQ,CREG
415,NASDAQ,GSBC
340,NASDAQ,CALM
774,NASDAQ,JBHT
611,NASDAQ,BEAV
421,NYSE,SWS
413,NASDAQ,SYBT
419,NYSE,NYCB
851,NASDAQ,TZOO
446,NYSE,KRG
712,NYSE,CMG
425,NASDAQ,GLAD
722,NASDAQ,BONA
424,NASDAQ,SPBC
413,NASDAQ,AUBN
754,NASDAQ,HSIC
121,NYSE,BTE
737,NYSE,RH
425,NYSE,MUA
440,NYSE,CIM
412,NASDAQ,XBKS
762,NASDAQ,SFLY
626,NYSE,BRSS
425,NYSE,GDF
745,NASDAQ,WINA
765,NYSE,TYC
815,NASDAQ,ALOT
840,NYSE,RCI
723,NYSE,SNI
832,NASDAQ,LLTC
525,NASDAQ,NEO
710,NYSE,WYN
332,NYSE,WGO
834,NASDAQ,ENPH
342,NYSE,GMK
762,NASDAQ,GK
122,NYSE,HES
743,NASDAQ,NFLX
427,NYSE,TRF
121,NYSE,GDP
411,NASDAQ,FNLC
431,NYSE,CNO
520,NASDAQ,LMNX
111,NYSE,MTX
422,NYSE,MN
424,NYSE,AGM
125,NYSE,WGP
341,NASDAQ,CVGW
626,NASDAQ,GTLS
413,NASDAQ,HBOS
712,NYSE,YUM
841,NASDAQ,MBND
413,NASDAQ,HBHC
824,NYSE,ACN
775,NYSE,GSL
815,NASDAQ,KTCC
766,NASDAQ,ABCD
913,NYSE,CZZ
121,NYSE,WHZ
511,NYSE,RDY
761,NYSE,HTZ
422,NYSE,BLK
130,NYSE,SXC
521,NASDAQ,AXGN
133,NYSE,VALE
623,NASDAQ,HCCI
852,NASDAQ,MLNK
830,NYSE,VSH
764,NASDAQ,VSCP
734,NYSE,HTSI
121,NASDAQ,LINE
626,NYSE,ATI
446,NYSE,GGP
410,NYSE,IBN
826,NYSE,DOX
830,NASDAQ,SPRD
122,NYSE,SHI
760,NASDAQ,USAT
134,NYSE,AUY
419,NYSE,BBX
525,NYSE,WX
620,NYSE,MTW
418,NYSE,IRE
521,AMEX,HRT
327,NYSE,ACCO
515,NASDAQ,PATH
414,NASDAQ,INBK
611,NYSE,ERJ
447,NYSE,HTGC
773,NASDAQ,EXPD
521,NASDAQ,ISRG
622,NASDAQ,FLOW
712,NASDAQ,BJRI
911,NYSE,EE
841,NASDAQ,AVNW
412,NYSE,BBT
814,NYSE,JNPR
322,NYSE,CSL
133,NYSE,CMP
412,NASDAQ,ABCB
510,NASDAQ,STSI
775,NYSE,SB
634,NYSE,OC
131,NASDAQ,LIWA
720,NASDAQ,VISN
634,NASDAQ,FAST
745,NYSE,ODP
411,NASDAQ,BERK
525,NYSE,ENZ
425,NYSE,BNY
775,NYSE,MATX
121,NYSE,SJT
775,NASDAQ,EGLE
410,NYSE,RY
630,NYSE,SPF
313,NASDAQ,KEQU
520,NYSE,COO
627,NYSE,AMRC
769,NYSE,CEB
745,NYSE,XOXO
841,NASDAQ,GILT
130,NYSE,GSI
515,NASDAQ,DYAX
840,NASDAQ,ANEN
134,AMEX,TRX
844,NYSE,VZ
834,NASDAQ,MSPD
419,NASDAQ,NECB
125,NYSE,KMR
120,NYSE,EC
840,NASDAQ,ALVR
134,NYSE,KGC
440,NYSE,COLE
414,NASDAQ,HBAN
712,NASDAQ,CHUY
418,NYSE,ITUB
813,NYSE,IMN
611,NYSE,BA
734,NASDAQ,SFM
520,NASDAQ,NURO
419,NYSE,PBNY
424,NYSE,NNI
911,NYSE,BIP
130,NYSE,AKS
846,NYSE,NSR
515,AMEX,BTX
110,NASDAQ,RTK
412,NASDAQ,CZNC
525,NASDAQ,CBMX
632,NYSE,BCC
440,NYSE,TCI
515,NASDAQ,FOLD
821,AMEX,GSB
840,NYSE,PT
411,NASDAQ,MPB
764,NASDAQ,DLHC
413,NASDAQ,BKYF
524,NYSE,SEM
911,NYSE,EBR
111,NYSE,NL
821,NASDAQ,BSQR
122,NYSE,NGL
622,NASDAQ,BWEN
846,NYSE,IDT
821,NASDAQ,CSOD
766,NYSE,BPI
627,NASDAQ,MAG
521,NASDAQ,HOLX
852,NASDAQ,Z
422,NASDAQ,HRZN
773,AMEX,RLGT
912,NYSE,NJR
622,NYSE,THR
443,NASDAQ,SOHO
723,NYSE,MEG
432,NASDAQ,UIHC
110,NYSE,BAK
210,NYSE,LDL
851,NASDAQ,JRJC
841,NYSE,ALU
515,NASDAQ,ILMN
624,NYSE,KDN
425,NYSE,NXQ
712,NYSE,DRI
433,NYSE,ORI
760,NASDAQ,HMSY
123,NYSE,PGH
626,NASDAQ,GIFI
419,NASDAQ,WSBF
622,NYSE,DHR
322,NYSE,STRI
424,NASDAQ,TAXI
124,NYSE,PKD
124,NASDAQ,AMCF
712,NASDAQ,BWLD
515,NASDAQ,ONTY
832,NASDAQ,NVDA
434,NYSE,AON
835,NYSE,JBL
210,NASDAQ,PBSK
411,NASDAQ,CCNE
761,NYSE,AL
432,NYSE,FRF
835,NYSE,CLS
515,NASDAQ,DARA
419,NASDAQ,PBHC
827,NASDAQ,MORN
730,NASDAQ,CACH
311,NYSE,LZB
420,NYSE,MS
113,NYSE,SXT
528,NASDAQ,BEAT
820,NASDAQ,COOL
846,AMEX,GTT
525,NYSE,NDZ
814,NASDAQ,CSCO
124,NYSE,SLB
711,NYSE,BYD
134,NYSE,NEM
430,NYSE,LNC
419,NASDAQ,ESSA
821,NASDAQ,CDNS
113,NYSE,LYB
427,NYSE,JOF
622,AMEX,GRC
852,NASDAQ,MELI
627,NASDAQ,HYGS
422,NYSE,OAK
411,NASDAQ,BMTC
830,NASDAQ,ATNY
121,NYSE,EQU
121,NYSE,ATHL
425,NYSE,JHS
343,AMEX,SEB
121,NASDAQ,ROYL
424,NYSE,MA
425,NYSE,BNA
113,NASDAQ,AMRS
712,NYSE,KKD
752,NYSE,WAIR
424,NASDAQ,SLM
121,NYSE,NFX
736,NYSE,LL
768,NASDAQ,QGEN
440,NYSE,WSR
332,NYSE,PII
419,NASDAQ,QCCO
414,NASDAQ,WIBC
521,NASDAQ,CUTR
622,NYSE,DOV
525,NYSE,LH
124,NASDAQ,TGE
774,NASDAQ,YRCW
620,NYSE,CNH
423,NASDAQ,VPFG
422,AMEX,CIK
830,NASDAQ,CY
123,NYSE,RIG
416,NYSE,CPF
752,NYSE,AIT
515,NASDAQ,PTIE
730,NYSE,ANF
852,NASDAQ,KEYN
840,NASDAQ,LEAP
125,NYSE,BWP
311,NYSE,FBN
834,NASDAQ,CREE
852,NASDAQ,CKSW
841,NASDAQ,ZHNE
520,AMEX,BVX
765,NASDAQ,MAGS
515,NASDAQ,ACAD
449,NYSE,HHC
325,NYSE,GPK
515,NASDAQ,ANIP
735,NYSE,HGG
768,NASDAQ,NTSC
123,NASDAQ,RECV
834,NASDAQ,CLRX
135,NYSE,SLW
432,NASDAQ,MHLD
121,NYSE,CPE
836,AMEX,WGA
510,NASDAQ,ICPT
416,NASDAQ,BOCH
426,NYSE,EMF
445,NYSE,CLP
426,NYSE,GUT
342,NYSE,CPB
764,NYSE,CDI
911,NYSE,ETR
136,NASDAQ,HNRG
124,NASDAQ,BOLT
712,NASDAQ,WEN
716,NASDAQ,MMYT
520,NASDAQ,PODD
844,NASDAQ,HTCO
113,NASDAQ,GPRE
914,NASDAQ,YORW
441,NYSE,HIW
840,NASDAQ,NTLS
136,NYSE,YZC
760,NASDAQ,PDII
841,NASDAQ,PNTR
760,NASDAQ,ATHN
775,NYSE,GNK
832,NYSE,TSL
520,NASDAQ,CASM
623,NASDAQ,MFRI
739,NYSE,ATV
821,NASDAQ,ATEA
321,NASDAQ,WEYS
765,AMEX,UUU
626,NYSE,CSTM
445,NYSE,ARPI
440,NASDAQ,ARCP
511,NYSE,TARO
425,NYSE,BTA
775,NYSE,SFL
432,NYSE,ENH
714,NYSE,RENN
760,NASDAQ,VIFL
814,NASDAQ,FNSR
821,NYSE,PAR
440,NYSE,CMO
133,NYSE,MIL
425,NYSE,PMM
762,NASDAQ,TAX
722,NASDAQ,MSG
110,NYSE,DD
627,NASDAQ,AMOT
912,NYSE,SPH
814,NASDAQ,BBOX
320,NYSE,HBI
515,NASDAQ,BIIB
810,NASDAQ,CRAY
440,NASDAQ,LAND
342,NASDAQ,GLDC
841,NASDAQ,AUDC
730,NASDAQ,FRAN
432,NASDAQ,STFC
827,NYSE,DNB
326,NYSE,CHD
714,NYSE,WMS
124,NYSE,CLB
635,NASDAQ,PRIM
412,AMEX,SGB
121,AMEX,ESTE
440,NYSE,CUZ
760,NASDAQ,LABL
758,NYSE,MIC
833,NASDAQ,ANAD
313,NYSE,SCS
769,NYSE,NCI
343,NYSE,BRFS
823,NASDAQ,WAVX
627,NASDAQ,APWC
832,NYSE,MX
846,NASDAQ,MOBI
834,NASDAQ,AMBA
913,NYSE,CNP
913,NYSE,PNM
423,NASDAQ,INTL
122,NYSE,PSX
412,NASDAQ,WFBI
730,NYSE,CBK
415,NASDAQ,EFSC
443,NYSE,FCH
521,NASDAQ,ALGN
526,AMEX,ELMD
423,NYSE,MAIN
113,NYSE,SHW
135,NYSE,EXK
826,NASDAQ,MSFT
841,NYSE,MSI
412,NASDAQ,MNRK
733,NYSE,NPD
911,NYSE,AEP
636,NYSE,CBI
821,NASDAQ,TYPE
515,NASDAQ,CDXS
911,NYSE,WEC
837,NASDAQ,ITRI
834,NASDAQ,MKSI
835,NASDAQ,SMTX
911,NYSE,D
447,NYSE,NSM
121,NYSE,NBL
841,NASDAQ,LORL
851,NASDAQ,LIVE
830,NASDAQ,KOPN
634,NASDAQ,NTK
333,NASDAQ,CAAS
852,NASDAQ,SINA
432,NYSE,PGR
840,NYSE,CHU
821,NASDAQ,LEDR
432,NYSE,RLI
622,NASDAQ,IIN
416,NASDAQ,OVLY
412,NASDAQ,WSFS
636,NASDAQ,CADC
834,NASDAQ,ENTG
836,NYSE,PULS
416,NASDAQ,FCTY
134,AMEX,LSG
912,NYSE,ATLS
841,NASDAQ,DRWI
761,NYSE,CAP
836,NASDAQ,MXWL
520,NASDAQ,ATRS
424,NYSE,GCA
526,NASDAQ,LHCG
827,NYSE,SAI
314,NASDAQ,SKUL
520,NASDAQ,MELA
432,NASDAQ,GLRE
416,NASDAQ,SSBI
745,NASDAQ,EZPW
821,NASDAQ,NTWK
837,NASDAQ,TRMB
813,NASDAQ,DTLK
730,NASDAQ,URBN
413,NASDAQ,FBMS
125,NYSE,PBA
412,NASDAQ,COB
320,NYSE,PVH
315,NASDAQ,HAS
113,NASDAQ,APFC
738,NYSE,AZO
123,NYSE,WHX
844,NASDAQ,SHEN
761,NASDAQ,GFN
774,NASDAQ,CVTI
844,NASDAQ,EONC
446,NYSE,MAC
425,NYSE,EFT
412,NASDAQ,BOTJ
449,NYSE,GZT
767,AMEX,BKR
412,NASDAQ,PSTB
521,NASDAQ,SIRO
422,AMEX,NMB
637,NASDAQ,VTNR
416,NYSE,WAL
836,AMEX,VII
313,NYSE,CAJ
314,NYSE,SNE
411,NASDAQ,TRCB
826,NASDAQ,CA
121,NASDAQ,LNCO
414,NASDAQ,CHEV
757,AMEX,DIT
734,NASDAQ,TFM
821,NASDAQ,ADBE
515,NASDAQ,PTLA
521,NYSE,MDT
724,NASDAQ,EMMS
331,NASDAQ,SPAR
316,NYSE,ELY
761,NYSE,AAN
414,NASDAQ,LNBB
515,NASDAQ,ONXX
413,NASDAQ,SFNC
422,NYSE,BK
313,NYSE,PAY
836,NASDAQ,MOLX
415,NASDAQ,WTBA
133,AMEX,PLG
731,NYSE,TJX
520,NASDAQ,MLAB
422,AMEX,BZM
321,NASDAQ,DFZ
821,NYSE,ACTV
766,NASDAQ,EPAX
773,NYSE,FDX
824,NYSE,XRX
711,NASDAQ,NYNY
